video_id,trending_date,title,channel_title,category_id,category_title,assignable,publish_time,tags,views,likes,dislikes,comment_count,thumbnail_link,comments_disabled,ratings_disabled,video_error_or_removed,description,region
Jze8utzpLhg,18.15.06,How To Regrow Everything,BuzzFeed Nifty,26,Howto & Style,True,2017-12-17T23:30:18.000Z,"regrow|""how to regrow""|""how to garden""|""gardening""|""small space gardening""|""kitchen gardening""|""kitchen garden""|""fruit""|""vegetables""|""herbs and spices""|""herbs""|""spices""|""regrow spices""|""regrow herbs""|""regrow vegetables""|""regrow fruit""|""how to regrow fruit""|""how to regrow vegetables""|""how to regrow herbs""|""mint""|""basil""|""garlic""|""tomato""|""apples""|""strawberries""|""citrus""|""lemons""|""oranges""|""kiwi""|""pears""|""cherries""|""raspberries potato""|""cilantro""|""lemongrass""|""green onion""|""onions""|""rosemary""|""tips""|""money-saving""|""Nifty""",35020,2427,20,86,https://i.ytimg.com/vi/Jze8utzpLhg/default.jpg,False,False,False,Get your life together with the Nifty Organization Journal: bit.ly/2AYkXm2\n\nCheck us out on Facebook! - facebook.com/buzzfeednifty\n\nCredits: https://www.buzzfeed.com/bfmp/videos/39786\n\n\nMUSIC\nAurora_Full\nLicensed via Warner Chappell Production Music Inc.,US
R8hccXRk3MI,18.16.06,Cooking A Turkey on a Car Engine,Good Mythical Morning,24,Entertainment,True,2017-11-20T11:00:03.000Z,"rhett and link|""gmm""|""good mythical morning""|""rhett and link good mythical morning""|""good mythical morning rhett and link""|""mythical morning""|""gmm food""|""Season 12""|""rhett""|""link""|""ear biscuits""|""mythical show""|""mythical""|""cooking a turkey on a car engine""|""cooking a turkey""|""how to cook a turkey""|""car engine cooking""|""cooking on a car engine""|""car engine oven""|""rhett link cooking a turkey on a car engine""|""gmm cooking a turkey on a car engine""|""cooking""|""turkey""|""car engine""|""car cooking""|""how to cook""",463642,8361,1286,1471,https://i.ytimg.com/vi/R8hccXRk3MI/default.jpg,False,False,False,Why cook a turkey in the oven when you can use Uncle Jim's sweet old car engine instead? GMM #1223.2 \nWatch Part 3: https://youtu.be/oXRRKZBcZS0 | Watch Part 1: https://youtu.be/1DRbh_Dt6Fg\nWatch today's episode from the start: http://bit.ly/GMM1223\n\nPick up all of the official GMM merch only at https://mythical.store\n\nFollow Rhett & Link: \nInstagram: https://instagram.com/rhettandlink\nFacebook: https://facebook.com/rhettandlink\nTwitter: https://twitter.com/rhettandlink\nTumblr: https://rhettandlink.tumblr.com\nSnapchat: @realrhettlink\nWebsite: https://mythical.co/\n\nCheck Out Our Other Mythical Channels:\nGood Mythical MORE: https://youtube.com/goodmythicalmore\nRhett & Link: https://youtube.com/rhettandlink\nThis Is Mythical: https://youtube.com/thisismythical\nEar Biscuits: https://applepodcasts.com/earbiscuits\n\nWant to send us something? https://mythical.co/contact\nHave you made a Wheel of Mythicality intro video? Submit it here: https://bit.ly/GMMWheelIntro\n\nIntro Animation by Digital Twigs: https://www.digitaltwigs.com\nIntro & Outro Music by Jeff Zeigler & Sarah Schimeneck https://www.jeffzeigler.com\nWheel of Mythicality theme: https://www.royaltyfreemusiclibrary.com/\nAll Supplemental Music fromOpus 1 Music: https://opus1.sourceaudio.com/\nWe use ‘The Mouse’ by Blue Microphones https://www.bluemic.com/mouse/,US
ydNCj-866_Q,18.17.06,How Claymation Movies are Made,INSIDER,24,Entertainment,True,2018-02-11T15:00:05.000Z,"Early Man|""Wallace and Gromit""|""Chicken Run""|""animation""|""stop-motion animation""|""how it's made""|""movies""|""behind the scenes""|""INSIDER""|""animated movies""|""new movies""",548352,15299,177,884,https://i.ytimg.com/vi/ydNCj-866_Q/default.jpg,False,False,False,"Aardman Animations is a legendary animation studio that has created classics like 'Wallace & Gromit' and 'Chicken Run.' See how they put together their latest move, 'Early Man.'\n\nSee more from Aardman Animations:\nhttp://www.aardman.com/\nhttp://www.youtube.com/user/aardman\n\nThe INSIDER team believes that life is an adventure! Subscribe to our channel and visit us at: https://thisisinsider.com\nINSIDER on Facebook: https://www.facebook.com/thisisinsider/\nINSIDER on Instagram: https://www.instagram.com/thisisinsider/\nINSIDER on Twitter: https://twitter.com/thisisinsider",US
sJGgV3p8JzY,18.18.06,Grace VanderWaal - City Song,GraceVanderWaalVEVO,10,Music,True,2018-01-31T15:00:04.000Z,"City Song|""Grace VanderWaal""|""Pop""|""Syco Music/Columbia Records""",1373502,119851,1234,7874,https://i.ytimg.com/vi/sJGgV3p8JzY/default.jpg,False,False,False,Grace VanderWaal's debut album 'Just the Beginning' is available now: http://smarturl.it/GV-JustTheBeginning?iqid=CitySongVideo\n\nSpecial merch bundles: http://smarturl.it/GV-JustTheBeginning/OfficialStore?iqid=CitySongVideo\nAmazon CD: http://smarturl.it/GV-JustTheBeginning/AmazonMusicCD?iqid=CitySongVideo\nAmazon Music: http://smarturl.it/GV-JustTheBeginning/AmazonMusicListen?iqid=CitySongVideo\nApple Music: http://smarturl.it/GV-JustTheBeginning/AppleMusic?iqid=CitySongVideo \niTunes: http://smarturl.it/GV-JustTheBeginning/iTunes?iqid=CitySongVideo\nSpotify: http://smarturl.it/GV-JustTheBeginning/Spotify?iqid=CitySongVideo\nTarget edition with two bonus tracks: http://smarturl.it/GV-JustTheBeginning/Target?iqid=CitySongVideo\n\nFollow Grace:\nhttp://gracevanderwaal.com\nhttp://facebook.com/GraceVanderWaalMusic\nhttp://instagram.com/gracevanderwaal\nhttp://twitter.com/GraceVanderWaal\nhttp://snapchat.com/add/gracevanderwaal\nhttp://youtube.com/OhNeverMindItsJustMe\n\nDirector: Brian Petchers\nExecutive Producer: Evan Brown\nProducer: Dave Gelb\nDirector of Photography: Dan Kennedy\nAnimation: Rafatoon - Happy Motion\nProduction Company: Dreambear\nHair/Makeup: Holly Gowers\nWardrobe Styling: Elkin,US
lfIhBu0TZBs,18.19.06,Moving on from Beme,CaseyNeistat,22,People & Blogs,True,2018-01-25T14:58:16.000Z,[none],2148675,71149,6806,8340,https://i.ytimg.com/vi/lfIhBu0TZBs/default.jpg,False,False,False,this is hard for me.  i rerecorded this video a dozen times.  there is a lot to say.  this is a huge chapter in my life coming to a close.  please give Matt's blog post a read.  He says it better than i ever could. https://medium.com/@mhkt/d275c15ff702,US
K62oeVyaC-U,18.20.06,When did you stop believing in Santa? (YIAY #386),jacksfilms,23,Comedy,True,2017-12-21T01:17:37.000Z,"jacksfilms|""yiay""|""santa""|""stop""|""santa claus""|""believe""|""real""|""christmas""|""holiday""",1217103,68234,670,27435,https://i.ytimg.com/vi/K62oeVyaC-U/default.jpg,False,False,False,Get 3 meals free with your first order - with free shipping - by going here! ► http://www.blueapron.com/jacksfilm\nPREVIOUS YIAY ► https://www.youtube.com/watch?v=vlUgwKc3Stk&index=1&list=PLiWL8lZPZ2_k1JH6urJ_H7HzH9etwmn7M\nSUBSCRIBE ► http://bit.ly/1A0Crdb\nTWITTER ► http://www.twitter.com/jacksfilms\nMERCH ► https://shop.crowdmade.com/collections/jacksfilms\nLIVE CHAT ► http://www.younow.com/jacksfilms\nSNAPCHAT ► realjacksfilms\nFACEBOOK ► http://www.facebook.com/jacksfilmsfans,US
t5Lz14wu1uw,18.21.06,ready player one,ProZD,1,Film & Animation,True,2017-12-11T19:04:05.000Z,"ready player one|""film movie""|""trailer""|""steven spielberg""|""ernest cline""|""anime""|""video games""|""game""|""gurren lagann""|""mass effect""|""tali""",2421690,74282,6357,5464,https://i.ytimg.com/vi/t5Lz14wu1uw/default.jpg,False,False,False,"My Twitter: https://twitter.com/prozdkp\nMy Let's Play channel, Press Buttons n Talk:\nhttps://www.youtube.com/channel/UCSHsNH4FZXFeSQMJ56AdrBA\nMy Merch/T-Shirt Store: http://www.theyetee.com/prozd\nMy Tumblr: http://prozdvoices.tumblr.com/\nMy Twitch: https://www.twitch.tv/prozd\nMy Instagram: https://instagram.com/prozd\nMy Patreon: http://www.patreon.com/prozd\nUse the link below and the coupon code PROZDSNACKS to get $3 off your first Japan Crate Premium or Original:\nhttp://japancrate.com/?tap_a=13976-19476b&tap_s=76467-12d24b\nUse the link below and the coupon code PROZDRAMEN to get $3 off your first Umai Crate:\nhttp://japancrate.com/umai?tap_a=18655-b8af8b&tap_s=76467-12d24b\nUse the link below to get a free 14-day trial of Funimation anime streaming:\nhttps://www.funimation.com/prozd\nUse the link below and coupon code PROZD10 to get $10 off any Classic Bokksu subscription:\nhttp://www.bokksu.com?rfsn=498614.9d328&utm_source=refersion&utm_medium=influencers&utm_campaign=498614.9d328\nUse the link below and the coupon code ProZDCrate to get 10% off any Loot Crate:\nhttps://lootcrate.com/ProZD",US
jiZfc0b2t3Q,18.22.06,Adam Dunn had the weirdest career in MLB history | Dorktown,SB Nation,17,Sports,True,2018-05-01T22:53:23.000Z,"adam dunn|""adam dunn strikeouts""|""adam dunn home run""|""three true outcomes""|""cincinnati reds""|""home run leaders""|""clayton kershaw""|""barry bonds""|""albert pujols""|""baseball""|""mlb""|""baseball stats""|""jon bois""|""sb nation""|""dorktown""|""major league baseball""|""babe ruth""|""chicago white sox""|""washington nationals""",732748,10599,882,1487,https://i.ytimg.com/vi/jiZfc0b2t3Q/default.jpg,False,False,False,"In all of baseball history, you'd be hard pressed to find a statistically weirder career than Adam Dunn's. The king of the Three True Outcomes, Dunn was both incredibly consistent and full of outliers, and his efforts saved the stamina of countless fielders who got to stay exactly where they were for most of his plate appearances.Subscribe: https://goo.gl/NbabaeCheck out our full video catalog: https://goo.gl/9pMHRVVisit our playlists: https://goo.gl/NvpZFFLike SB Nation on Facebook: https://goo.gl/Pzcs7OFollow on Twitter: https://goo.gl/5LI02DFollow on Instagram: https://goo.gl/aY2FFKExplore SB Nation: http://www.sbnation.com",US
MUB-h2NeQYA,18.23.06,Funny Rey Song - SECOND TO LAST JEDI - Star Wars Musical,Whitney Avalon,23,Comedy,True,2017-12-08T17:58:53.000Z,"Whitney Avalon|""Star Wars""|""Rey""|""Last Jedi""|""Musical""|""The Force Awakens""|""Jedi Mind Trick""|""Comedy""|""Parody""|""Stormtrooper""|""Princess Rap Battle""|""Original Song""|""Song""|""Funny""|""Comedy Music""|""Brendan Milburn""|""Official""",51061,3574,147,287,https://i.ytimg.com/vi/MUB-h2NeQYA/default.jpg,False,False,False,"▶ Get cool perks + support my work: http://patreon.com/whitneyavalon \n▶ Subscribe: http://tiny.cc/WAsub\n▶ Song available on iTunes, Amazon, Google Play & streaming soon\n\nI’m a big fan of Star Wars and wanted to share my analysis of what Rey was thinking as she tried to figure out the Jedi Mind Trick in “The Force Awakens” the best way I know how – through glorious song! \n\nRing the notification bell to know when I release a new music video. Comedy songs ‘n’ raps, awesome stars, and more are on the way!\n\nPress/licensing/business: contactwhitneyavalon@gmail.com\n\n** CREDITS **\nWriter, Producer, Director, Rey: Whitney Avalon http://www.imdb.me/whitneyavalon\nhttp://twitter.com/whitneyavalon http://facebook.com/whitneyavalon\n\nComposer, Co-Lyricist, Music Producer, Voice of TK-11873: Brendan Milburn https://www.youtube.com/c/BrendanIsMakingASongAWeek\n\nTK-11873: Cameron Keaggy https://www.instagram.com/sirkeaggy/\n\nCinematographer: Merlin Showalter\nSet Designer: Kim Brunner\nProduction Coordinator: Elizabeth Osterwisch\nEditor, Photographer: Kate West\nExecutive Assistant: Caroline Sharp\nHair & Make-Up: Patty Jarvis\n1st Assistant Camera: Steven Napolitano\nG&E Swing: Billy Brenner\nArt Department PA: Chris Brunner\nCharacter Consultant: Jenna Bryson\nRecording Engineer: Will Hampton\nMusic Mix/Master: Ed Boyer\nThanks: YouTube Space LA\n\nGet your name in the next video too by joining the club at http://patreon.com/whitneyavalon  \n\n** LYRICS **\nThis isn't ideal. It's downright dumb.\nIt looks like the end of the line for me here and frankly I'm terribly glum\nThat the promising future where I get to train with Luke Skywalker won't ever come\nAnd these shackles I'm shackled in sure seem robust so I'm stuck here on my bum\nIn a base this huge I feel so tiny\nOh and why's that tall Stormtrooper shiny?\nIf I could just find a way into this tin man's head, I\nMight survive to become the second-to-last Jedi\nYou will remove these restraints and leave this cell with the door open.\n(Stormtrooper: What did you say?)\n\nHe responded. That's a start.\nThere's a glimmer of hope in this possibly-orphaned Jakkuvian scavenger's heart\nI can do this, I swear it, by each little line that I drew like a loneliness chart\nI can do this, I swear it, by each little meal that would always taste just like a fart\nBy the bloke I like more than I care to\nBy my sensible three-level hairdo\nI call on the Force and if somehow this works, I said I\nMight survive to become the second-to-last Jedi\nYou will remove these restraints and leave this cell with the door open.\n(Stormtrooper: I'll tighten those restraints, scavenger scum.)\n\nI'm done for! Blast it!\nThought I had him for a sec\nBut it turns out I'm screwed which has ruined my mood and now I'm a nervous wreck\nFocus! Get past it!\nDo the trick you did back when\nWithout even trying, you found yourself spying on the mind of Kylo Ren\nYou will remove these restraints and leave this cell with the door open.\n(Stormtrooper: I will remove these restraints and leave this cell with the door open.)\nWhaaaat?\n(He unlocks the restraints.)\n\nTa-da! See ya, big guy!\nI cannot believe that it worked, but it worked, and I honestly do not know why\nIf I hurry away before they even know I've fled I\nwill be well on my way or at least one step closer to having a chance to become \nthe second-to-last Jediiiiii!\nAnd you'll drop your weapon. \n(he does)\nYes!\n\n** THANKS FOR WATCHING! :) **\n\nIf you made it all the way to here, comment I hope Daisy Ridley sees this below!",US
zLuhCfBqf5U,18.24.06,Coconut Macaroons - You Suck at Cooking (episode 76),You Suck At Cooking,26,Howto & Style,True,2018-05-16T12:39:20.000Z,"ysac|""you suck at cooking""|""coconut""|""macaroons""|""coconut macaroons""|""chocolate""|""cooking""|""recipe""|""chef""|""how to""|""turorial""|""funny""|""comedy""|""dessert""",653708,34006,504,2200,https://i.ytimg.com/vi/zLuhCfBqf5U/default.jpg,False,False,False,"My friend said I should have just called them Macaroons, not Coconut Macaroons, since all macaroons are made of coconut. I think she has a lot of growing up to do. Subscribe:  http://bit.ly/1HuynlYhttps://twitter.com/yousuckatcookinSnapchat: @yousuckatcookin http://instagram.com/yousuckatcookinghttp://facebook.com/yousuckatcookingRecipe:Equal weight of shredded coconut and condensed milk. I used one bag and 2/3 of a small can. I used unsweetened coconut. You can use whatever you want. If you use the grass version, add extra condensed milk. I used semi-sweet baking chocolate for the chocolate. You can use whatever you want. You can use a friggin Snickers™ for all I care. That would probably be awesome. If you make the chocolate and coconuts ones, you don't need to bake them. Just wangjangle and shape.",US
qtW9ornyPIQ,18.25.06,Who is Who Challenge - Merrell Twins,merrelltwins,23,Comedy,True,2018-03-27T17:00:12.000Z,"merrell|""merrell twins""|""merrell twins dance""|""MerrellTwins""|""twins""|""twins singing""|""twins tv""|""challenge""|""challenger""|""who is who""|""guess""|""guess that youtuber""|""veronica""|""vanessa""|""roni""|""nessa""|""baby pictures""|""photoshop""|""sisters""|""funny""|""family friendly content""|""family friendly""|""kid friendly""|""child friendly""|""comedy""|""goofy""|""hilarious""|""girls fail""|""falling down""|""laughing""|""Guessing Baby Pictures""|""baby""|""guess that you""|""How Things""|""Old Photos""|""Sisters""|""where is my romeo""|""never have i ever""|""10 things""",790231,36636,316,8781,https://i.ytimg.com/vi/qtW9ornyPIQ/default.jpg,False,False,False,Can you tell who is who from our baby pictures? Let us know in the comments if you can tell the difference! Subscribe & Turn on Notifications: http://bit.ly/2dSP9Fg NEW VIDEOS EVERY TUESDAY! \n\nCheck Out Our Other Videos:\nIF DISNEY PRINCESSES WERE YOUTUBERS\nhttps://youtu.be/xyCjv6MC8KM\nLIES GIRLS TELL\nhttps://youtu.be/lyghSpBGQws\nWHERE IS MY ROMEO? (3 PART SERIES)\nhttps://youtu.be/BOsWCNpglnQ\nHOW THING WERE NAMED\nhttps://youtu.be/XIX8KEBSBP4\nGuess The Youtuber\nhttps://youtu.be/zCsWskfUGtM\n10 Things You're Doing Wrong in School\nhttps://youtu.be/pdkl08tgCyA\n\nSubscribe to our OTHER CHANNELS!!!!!\nMERRELL TWINS LIVE\nhttp://bit.ly/2pYeuoS\nMORE MERRELL\nhttp://bit.ly/2rITMIf\n\nGet Merrell Twins Merch:\nhttps://www.districtlines.com/Merrell-Twins\n\nSNAPCHAT: @merrelltwins\nTWITTER: https://twitter.com/MerrellTwins\nTWITTER: https://twitter.com/VanessaMerrell\nTWITTER:  https://twitter.com/veronicamerrell\nINSTAGRAM: http://instagram.com/merrelltwins\nINSTAGRAM: http://instagram.com/vanessamerrell\nINSTAGRAM:http://instagram.com/veronicamerrell\nFACEBOOK: https://www.facebook.com/MerrellTwins\nwww.merrelltwins.com,US
leFNoUJmJ9o,18.15.06,Guessing Objects I Got In The Mail #4,The Tommy Edison Experience,22,People & Blogs,True,2017-11-22T01:14:10.000Z,"Tommy Edison|""Blind Film Critic""|""Ben Churchill""|""blind""|""blindness""|""visually impaired""|""comedy""|""humor""|""funny""|""blind youtuber""|""disability""|""disabled""|""fan mail""|""mailbag""|""mail time""|""mail monday""|""unboxing""|""lps""|""littlest pet shop""|""PinkBunnyGirl43""|""Guessing Objects I Got In The Mail""",21636,1735,8,301,https://i.ytimg.com/vi/leFNoUJmJ9o/default.jpg,False,False,False,"Tommy opens mail sent in by subscribers and tries to guess what it is.\nBuy a drawing T-shirt, hoodie, mug, or sticker! https://teespring.com/stores/tommyedison\nWatch PinkBunnyGirl43’s video: https://www.youtube.com/watch?v=UhtdjwTvDLw\n\nDirected/Edited by Ben Churchill\nhttp://youtube.com/RadioTripPictures\n\n—\n\nVIDEOS MENTIONED IN THIS VIDEO\n\n“Sending LPS to Tommy Edison!” by PinkBunnyGirl43\nhttps://www.youtube.com/watch?v=UhtdjwTvDLw\n\nSubscribe to PinkBunnyGirl43:\nhttps://www.youtube.com/user/pinkbunnygirl43\n\nCan Blind People Draw? (Cat, Car, Himself)\nhttps://www.youtube.com/watch?v=P1IY6plQKGI\n\nBlind Drawing Challenge (Stick Figure of a Person, NYC Skyline)\nhttps://www.youtube.com/watch?v=7wktbrc1h98\n\nBlind Man Draws A Guitar, Hamburger, and Clouds\nhttps://www.youtube.com/watch?v=-lWXyvhWSKU\n\nListen to Tommy’s Radio Show\nMondays, 9pm-1am EST & Thursday, 1am - 4am EST\nhttp://blindfilmcritic.com/radio/\n\n—\n\nFOLLOW TOMMY\nhttp://facebook.com/tommyedison\nhttp://twitter.com/blindfilmcritic\nhttp://instagram.com/blindfilmcritic\nhttp://blindfilmcritic.tumblr.com\nhttp://tommyedison.com\n\nFOLLOW BEN\nhttp://facebook.com/benjchurchill\nhttp://twitter.com/benjchurchill\nhttp://instagram.com/benjchurchill\nhttp://benchurchill.com\n\n—\n\nMUSIC\nJeremiah - “Some Rise Up” (Instrumental)\nJake Bradford - “Put a Step in Your Skip”\nSyncro - “Trappin Grandma”\nHanjo Gäbler - “Inselurlaub”\nMarcos H - “Ambient”\nJeremiah - “Never Far From You” (Instrumental)\nSteve Laduke - “The Look in Your Eyes”\nKevin Graham - “Autumn”\nMark Tracy - “Born Twice”\nStefano Mastronardi - “At the Expo”\nThe French Connection - “Universal Donor”\nTomáš Herudek - “Franz”\nDansha - “Couscous Royal”\nEill - “No Interest”",US
Y1n8F4uClUU,18.16.06,FIA GT World Cup 2017. Qualification Race Macau Grand Prix. Huge Pile Up,CrashRacing,2,Autos & Vehicles,True,2017-11-18T04:57:43.000Z,"GT Series|""Qualification Race""|""Macau Grand Prix""|""FIA GT World Cup""|""Pile Up""|""traffic jam""|""start""|""1st lap""|""big crash""|""carnage""|""racing""|""wtf""|""Circuito da Guia""|""Sports car racing""|""Guia Circuit""|""Macau Peninsula""|""Macau (China)""|""#MacauGP""|""red flag""|""Hiroki Yoshimoto""|""Chaz Mostert""|""Fabian Plentz""|""Robin Frijns""|""Darryl O'Young""|""Romain Dumas""|""Mirko Bortolotti""|""Marco Wittmann""|""Renger Van der Zande""|""Felix Rosenqvist""|""Lucas di Grassi""|""#GTWorldCup""|""Meanwhile at Macau""|""Macau street circuit""",3241257,16673,1033,2712,https://i.ytimg.com/vi/Y1n8F4uClUU/default.jpg,False,False,False,Meanwhile in Macau,US
6P6Ia5Qj9W0,18.17.06,I saw that new star wars,Jenny Nicholson,1,Film & Animation,True,2017-12-10T14:02:36.000Z,[none],83102,3757,184,591,https://i.ytimg.com/vi/6P6Ia5Qj9W0/default.jpg,False,False,False,I went to the Last Jedi premiere! I can't talk about the movie yet but I can give you disjointed impressions of what the rest of my night was like in a scary stream-of-consciousness vlog.\n\nI think this is the worst vlog that's ever been made,US
mJ-lFt9_uxI,18.18.06,Volcano’s Spectacular Fiery Display Threatens 56K In The Philippines | NBC News,NBC News,25,News & Politics,True,2018-01-23T16:00:04.000Z,"NBC News Originals|""NBC Originals""|""NBC""|""NBC News""|""Breaking News""|""US News""|""World News""|""Politics News""|""Current Events""|""Top Stories""|""philippines active volcano""|""volcano""|""philippines""|""eruption""|""lava""|""mayon volcano""|""volcanoes""|""mayon""|""asia""|""mount mayon""|""philippines volcano""|""mayon volcano eruption""|""magma""|""volcanic eruption""|""volcano eruption""|""lava blast""|""maounth mayon volcano""|""active volcanoes in the philippines""|""volcanoes in the philippines""|""volcanic eruptions""|""philippines evacuation""",2664,16,5,4,https://i.ytimg.com/vi/mJ-lFt9_uxI/default.jpg,False,False,False,"A danger zone has been extended to five miles around the crater of the Philippines' most-active volcano.\n\n» Subscribe to NBC News: http://nbcnews.to/SubscribeToNBC\n» Watch more NBC video: http://bit.ly/MoreNBCNews\n\nNBC News is a leading source of global news and information. Here you will find clips from NBC Nightly News, Meet The Press, and original digital videos. Subscribe to our channel for news stories, technology, politics, health, entertainment, science, business, and exclusive NBC investigations.\n\nConnect with NBC News Online!\nVisit NBCNews.Com: http://nbcnews.to/ReadNBC\nFind NBC News on Facebook: http://nbcnews.to/LikeNBC\nFollow NBC News on Twitter: http://nbcnews.to/FollowNBC\nFollow NBC News on Google+: http://nbcnews.to/PlusNBC\nFollow NBC News on Instagram: http://nbcnews.to/InstaNBC\nFollow NBC News on Pinterest: http://nbcnews.to/PinNBC\n\nVolcano’s Spectacular Fiery Display Threatens 56K In The Philippines | NBC News",US
zPm4rR1cmzU,18.19.06,I THREW MYSELF A GRADUATION CEREMONY,ElleOfTheMills,24,Entertainment,True,2018-01-28T22:38:44.000Z,"million subscribers|""million subscriber video""|""elle mills""|""elleofthemills""|""joke""|""family""|""graduation""|""graduation ceremony""|""mills family""",464384,56843,396,2872,https://i.ytimg.com/vi/zPm4rR1cmzU/default.jpg,False,False,False,"Thank you for a million subscribers, kiddos. Love you.\n\nJay's Instagram: http://instagram.com/_jay.mills\nMom's Instagram: http://instagram.com/ellemillsmom\nMelinna's Instagram: http://instagram.com/melinnamills\nHassan's Instagram: http://instagram.com/hassanthatkid\n\nMy Twitter: http://twitter.com/millselle\nMy Instagram: http://instagram.com/elle.mills\nMy Facebook: http://facebook.com/elleofthemills\nMy Second Channel: http://youtube.com/lifeofthemills\nMy Snapchat: ellemills\n\nGraphic Designer: https://instagram.com/ste.visuals",US
C54cHGCwBdk,18.20.06,Biles. Is. Back.,USA Gymnastics,17,Sports,True,2018-04-23T16:00:12.000Z,"USA|""Gymnastics""|""Sports""|""National Team""|""Routine""|""Training""|""Gymnastics Tricks""|""USA Gymnastics""|""Gymnast""|""Gymnastics Tips""|""Athlete""|""Motivation""|""Lessons""|""Amazing""|""How to""|""Gold Medal""|""Professional""|""Qualifying""|""Simone""|""Biles""|""Simone Biles""",558896,14450,177,731,https://i.ytimg.com/vi/C54cHGCwBdk/default.jpg,False,False,False,Four-time Olympic champion Simone Biles and new coach Laurent Landi talk about her return to training in 2018.,US
w8AJBlmLMZM,18.21.06,So This is Basically Fire Emblem,JelloApocalypse,23,Comedy,True,2018-05-25T17:14:47.000Z,"Fire Emblem|""Lord""|""Shadows of Valentia""|""Echoes""|""Switch""|""Fates""|""Awakening""|""Path of Radiance""|""Radiant Dawn""|""Tellius""|""Ike""|""Mage""|""Cute""|""Best""|""Character""|""Confession""|""Confessions""|""Supports""|""Vizier""|""Camus""|""TJ Bertino""|""JelloApocalypse""|""Funny""|""Parody""|""Vote""",1259310,72281,1345,7457,https://i.ytimg.com/vi/w8AJBlmLMZM/default.jpg,False,False,False,"If you are looking for a very affordable and convenient way to get therapy services from anywhere, please check out our sponsor BetterHelp!►►https://www.influencerlink.org/SHPVote on the next So This is Basically Video here!https://www.patreon.com/posts/stib-poll-8-what-17338334---ILLUSTRATIONS: TJ Bertino aka Dream Kazoohttps://dreamkazoo.tumblr.comhttp://dreamrise-comic.com/WRITER/NARRATOR/EDITOR: Brendan BlaberMUSIC: pLasterbrainhttps://twitter.com/PizzaGameVNhttps://twitter.com/plasterbrain------------VOICES------------Narrator + Pirate Boss - Brendan BlaberLord - Meredith Simshttps://www.youtube.com/watch?v=Kws5JndNVWMChildhood Friend (Scarecrow Mage) - Zack Maherhttps://www.youtube.com/user/MajinRebornSkeleton Mentor - James Cheekhttps://pbjelly.itch.io/insatiable-creaturesCrappy Archer - Noah Damrohttps://www.youtube.com/channel/UCpTatnBjMKLYj36JEVIRfOQ .Red and Green Cavaliers - Lamphttps://www.twitch.tv/warpedlamp tell your friendsCleric - Erica Chiemhttps://twitter.com/TomatoadzKnight - PhantomSavage (Kyle Land)https://www.youtube.com/user/PhantomSavagePegasus Knight/Featherweight - mahiruhanayo https://www.youtube.com/channel/UC6pAPJnmurfyRMERHybq2HACute Mage - ChibiSammii https://www.youtube.com/user/ChibiSammiiFate Vaike + Skunk Guy - ChaseFacehttps://www.youtube.com/watch?v=TNZ5eXSjL-MDragon Girl - cavaticaVAhttps://twitter.com/cavaticaVAOld Man - TylerWatkinsPsychopath - Tom Laflinhttps://www.youtube.com/c/tomlaflinNoble General/Lamus - Sam Shownhttp://www.youtube.com/user/NiffianSuspicious Vizier - Jen McGregorhttps://www.youtube.com/user/MEMJ0123---A huge thank you to this month's top donors on Patreon!DaveNickSalemClark KentChasem CreedECCJohny DragonMichael LubinaReadbrollEuan ReidYou too can support us and cast your vote for the next So This is Basically Video here! https://www.patreon.com/jelloapocalypse",US
TsYGNNPQ3ZU,18.22.06,KEEP ME COMING by SUPERFRUIT,SUPERFRUIT,24,Entertainment,True,2017-11-17T17:01:09.000Z,"superfruit|""super""|""fruit""|""scott""|""hoying""|""mitch""|""grassi""|""fcute""|""weekly""|""obsessions""|""everyone""|""heres""|""good""|""song""|""dont""|""listen""|""to""|""anything""|""else""|""today""|""future""|""friends""",176140,15955,178,1586,https://i.ytimg.com/vi/TsYGNNPQ3ZU/default.jpg,False,False,False,"FUTURE FRIENDS - http://smarturl.it/FutureFriends?IQid=yt\nWOW! Guys! There is so much to say. Creating Future Friends has been easily one of the most rewarding and intense experiences of our career. We’ve felt every emotion you can think of on this journey. Empowered, proud, fulfilled... but also stressed, insecure, and overwhelmed at times. We’ve learned SO much about ourselves and feel thankful to have had such supportive beautiful fans come along with us on this wild ride. We hope you guys LOVE our last video from this audio/visual experience. It’s one of our favorite tracks - “Keep Me Coming”! Love you guys! \n- Mitch and Scott\n\nKeep Me Coming Directed by Roboshobo\nChoreographed by Lindsey Blaufarb and Craig Hollamon\nGroomed by Genevieve Lamb\nStyled by Candice Lambert\n\nFUTURE FRIENDS TRACK LIST:\n01. IMAGINARY PARTIES\n02. BAD 4 US\n03. WORTH IT (PERFECT)\n04. VACATION\n05. SEXY LADIES\n06. HEARTTHROB\n07. FUTURE FRIENDS\n08. HOW YOU FEELING?\n09. HURRY UP!\n10. DENY U\n11. GOODBYE FROM LONELY\n12. GUY.EXE\n13. FANTASY featuring Amber Liu\n14. KEEP ME COMING\n15. EVERYTHING featuring Inara George\n16. FUTURE FRIENDS (Brian Robert Jones Choir Remix)\n\nNEW FF MERCHANDISE!!!\nhttps://sup3rfruitstore.com\n\nMORE WAYS TO GET FUTURE FRIENDS - THE ALBUM\nAmazon (Physical Album): http://smarturl.it/FutureFriendsAmz?IQid=yt\niTunes: http://smarturl.it/FutureFriends/itunes?IQid=yt\nAmazon Music: http://smarturl.it/FutureFriends/amazon?IQid=yt\nGoogle Play: http://smarturl.it/FutureFriends/googleplay?IQid=yt\n\nFUTURE FRIENDS PART ONE:\niTunes http://smarturl.it/FutureFriendsPart1?IQid=yt\nApple Music http://smarturl.it/SFFutureFriendsPart1?IQid=yt\nAmazon http://smarturl.it/FutureFriendsPart1Am?IQid=yt\nSpotify http://smarturl.it/FutureFriendsPart1Sp?IQid=yt\nGoogle Play http://smarturl.it/FutureFriendsPart1GP?IQid=yt\n\nFUTURE FRIENDS PART TWO:\niTunes http://smarturl.it/FutureFriendsPart2?IQid=sf\nApple Music  http://smarturl.it/FutureFriendsPart2ap?IQid=sf\nAmazon http://smarturl.it/FutureFriendsPart2Az?IQid=sf\nSpotify Presave http://smarturl.it/FutureFriendsPart2Sp?IQid=sf\nGoogle Play http://smarturl.it/FutureFriendsPart2GP?IQid=sf\n\nFACEBOOK\nhttps://www.facebook.com/Scomiche\n\nTWITTER\n@sup3rfruit https://twitter.com/sup3rfruit\n@scotthoying https://twitter.com/scotthoying\n@mitchgrassi https://twitter.com/mitchgrassi\n\nINSTAGRAM\n@sup3rfruit https://www.instagram.com/sup3rfruit\n@scotthoying https://www.instagram.com/scotthoying\n@mitchgrassi https://www.instagram.com/mitchgrassi\n\nBUSINESS INQUIRES: \nJonathan Kalter\njk3000@me.com\n\nLOVE YALL! STAY FCUTE!",US
Yz_VzJ4_OOo,18.23.06,10 Mythical Heroes that Actually Existed,MatthewSantoro,24,Entertainment,True,2018-05-21T19:48:30.000Z,"mythical creatures that actually existed|""mythological creatures""|""greek mythology""|""top ten mythical creatures""|""top mythical creatures""|""mythical creature""|""mythical beasts""|""10 mythical creatures that actually existed""|""top 10 mythological creatures""|""top 10 mythical creatures that actually exist""|""mythology creatures""|""top 10 mythical creatures""|""fairy tale""|""strange mysteries""|""real mythical creatures""|""legendary creature""|""10 mythical creatures were glad dont exist""|""game of thrones""",426889,10351,1485,1485,https://i.ytimg.com/vi/Yz_VzJ4_OOo/default.jpg,False,False,False,"Follow the FACT MANIAC on Twitter! https://twitter.com/factmaniacFollow the FACT MANIAC on Instagram! https://instagram.com/FactManiacFollow the FACT MANIAC on Facebook! https://facebook.com/FactManiacJoin the Fact Family! http://bit.ly/SubToMattSantoroTurn on notifications and come back daily for more amazing facts!Click below for my socials, sources, and more.Follow me here!Twitter: http://twitter.com/MatthewSantoroInstagram: http://instagram.com/MatthewSantoroFacebook: http://facebook.com/MatthewSantoroFollow my DAILY AMAZING FACT account - The Fact Maniac!Twitter: http://twitter.com/FactManiacInstagram: http://instagram.com/FactManiacFacebook: http://facebook.com/FactManiacOh, and I WROTE A BOOK! → http://bit.ly/MindBlownBook. It's filled with the most amazing facts you've never heard! Click the link and get it!Sources:https://pastebin.com/PJF8uPy5",US
-kETYvHON_I,18.24.06,"Why Dying is Illegal in Longyearbyen, Norway",Half as Interesting,27,Education,True,2018-01-18T15:30:00.000Z,"half|""as""|""interesting""|""longyearbyen""|""norway""|""geography""|""science""|""education""|""wendover""|""productions""|""northernmost""|""town""|""polar""|""bear""|""barrow""|""graveyard""|""spanish flu""|""svalbard""|""quirk""|""permafrost""|""funny""|""animation""|""fun""|""fast""|""learn""",422152,15192,794,1406,https://i.ytimg.com/vi/-kETYvHON_I/default.jpg,False,False,False,Build your website for 10% off over at http://squarespace.com/HAI \n\nGet a Half as Interesting t-shirt: http://bit.ly/2xjHuw4 Suggest a video and get a free t-shirt if we use it: http://halfasinteresting.com/suggest \n\nFollow Half as Interesting on Twitter: http://twitter.com/halfinteresting \n\nDiscuss this video on Reddit: http://www.Reddit.com/r/halfasinteres... \n\nCheck out my podcast with Brian from Real Engineering: http://apple.co/2ydYZOd (iTunes link) http://bit.ly/2gyeFle (YouTube link) \nCheck out my other channel: http://youtube.com/wendoverproductions\n\nSAS landing Longyearbyen video courtesy Thomas Woodtil (CC attribution)\nPolar bear video courtesy Sonal Choudhary (CC attribution),US
RBbkCEHBw_I,18.25.06,How to make the KELP SHAKE from Spongebob Squarepants!,Feast Of Fiction,26,Howto & Style,True,2018-05-04T21:00:05.000Z,"spongebob|""patrick star""|""nickelodeon""|""bikini bottom""|""krabby patty""|""patrick meme""|""spongebob episodes""|""krabby patty recipe""|""Kelp shake""|""how to make healthy smoothie""|""krabby patty secret formula""|""real krabby patty""|""real kelp shake""|""healthy smoothie""|""green smoothie""|""healthy smoothie recipe""|""plankton""|""mr krabs""|""how to""|""spongebob vines""|""simple smoothie recipe""|""green smoothie recipe""|""krusty krab pizza""|""feast of fiction""",920347,15127,909,2407,https://i.ytimg.com/vi/RBbkCEHBw_I/default.jpg,False,False,False,"YARRR feasters! Spongebob Squarepants will always have a special place in our hearts, and this Kelp Shake has an even special-er place in our BELLIES! Learn how to DIY make a recreation of the infamous Kelp Shake as well as a healthy version you can drink and get strong from as well.More SPONGEBOB Recipes:KRABBY PATTY:https://youtu.be/gvCclQ0jUwETRIPLE GOOBERBERRY SUNDAE:https://youtu.be/0rUAuwb9J8MSend us your creations on Instagram, Facebook, and Twitter!http://www.twitter.com/FeastOfFictionhttp://www.instagram.com/FeastOfFictionhttp://www.facebook.com/FeastOfFiction=================Download our Kelp Shake logo here:http://www.mediafire.com/file/683k1ilkffy415x/Kelp%20Shake%20Label.jpgIngredients:3 cups Soy milkHandful spinach1 tsp Kelp extract (ordered) secret ingredient1 cup Pineapple 1 Green apple1 BananaDirections:Blend all ingredients in a blender. Serve in special kelp shake bottle. Well. That was easy.=================Download the Soundtrack:http://jimmywong.bandcamp.com/album/feast-of-fiction-music-from-marbleotTwitter: http://www.twitter.com/FeastOfFictionhttp://www.twitter.com/jfwonghttp://www.twitter.com/ashleyquizFacebook: http://www.facebook.com/FeastOfFictionhttp://www.facebook.com/therealjimmyInstagram:http://www.instagram.com/FeastOfFictionhttp://www.instagram.com/jfwonghttp://www.instagram.com/ashrachelle=================Produced by John-Paul Hoang",US
kD-_iyS95AQ,18.15.06,History of TV Theme Songs with Will Smith,The Tonight Show Starring Jimmy Fallon,23,Comedy,True,2018-03-23T04:08:32.000Z,"The Tonight Show|""Jimmy Fallon""|""History of TV Theme Songs""|""Will Smith""|""NBC""|""NBC TV""|""Television""|""Funny""|""Talk Show""|""comedic""|""humor""|""snl""|""Fallon Stand-up""|""Fallon monologue""|""tonight""|""show""|""jokes""|""funny video""|""interview""|""variety""|""comedy sketches""|""talent""|""celebrities""|""video""|""clip""|""highlight""|""Suicide Squad""|""Deadshot""|""Bad Boys""|""remix""|""song covers""|""Golden Girls""|""Thank You For Being A Friend""|""The Jeffersons""|""Good Times""|""Andy Griffith Show""|""Full House""|""Martin""|""The Fresh Prince of Bel-Air""|""I Am Legend""",5318521,67499,2122,3635,https://i.ytimg.com/vi/kD-_iyS95AQ/default.jpg,False,False,False,"Will Smith and Jimmy perform a live remix of some of the best sitcom theme songs of all time, including Will's classic Fresh Prince theme. Full list of TV tunes below:\n\nThe Golden Girls\nThe Jeffersons\nDiff'rent Strokes\nGood Times\nThe Andy Griffith Show\nI Dream of Jeannie\nFull House\nThe Greatest American Hero\nMartin\nThree's Company\nThe Fresh Prince of Bel-Air\n\nSubscribe NOW to The Tonight Show Starring Jimmy Fallon: http://bit.ly/1nwT1aN\n\nWatch The Tonight Show Starring Jimmy Fallon Weeknights 11:35/10:35c\nGet more Jimmy Fallon: \nFollow Jimmy: http://Twitter.com/JimmyFallon\nLike Jimmy: https://Facebook.com/JimmyFallon\n\nGet more The Tonight Show Starring Jimmy Fallon: \nFollow The Tonight Show: http://Twitter.com/FallonTonight\nLike The Tonight Show: https://Facebook.com/FallonTonight\nThe Tonight Show Tumblr: http://fallontonight.tumblr.com/\n\nGet more NBC: \nNBC YouTube: http://bit.ly/1dM1qBH\nLike NBC: http://Facebook.com/NBC\nFollow NBC: http://Twitter.com/NBC\nNBC Tumblr: http://nbctv.tumblr.com/\nNBC Google+: https://plus.google.com/+NBC/posts\n\nThe Tonight Show Starring Jimmy Fallon features hilarious highlights from the show including: comedy sketches, music parodies, celebrity interviews, ridiculous games, and, of course, Jimmy's Thank You Notes and hashtags! You'll also find behind the scenes videos and other great web exclusives.\n\nHistory of TV Theme Songs with Will Smith\nhttp://www.youtube.com/fallontonight",US
CZMO9Ud0tOU,18.16.06,The 809 Objects Left on the Moon,Half as Interesting,27,Education,True,2018-01-25T15:30:01.000Z,"moon|""trash""|""space""|""junk""|""litter""|""lunar""|""apollo""|""nasa""|""lunar module""|""buzz aldrin""|""james irwin""|""space trash""|""final catalogue of manmade material on the moon""|""half as interesting""|""educational""|""interesting""|""funny""|""fast""|""animated""|""learn""|""learning""|""wendover productions""|""wendover""|""flown $2 bill""|""surface""",251240,8703,250,965,https://i.ytimg.com/vi/CZMO9Ud0tOU/default.jpg,False,False,False,Learn with Brilliant for 20% off: https://brilliant.org/hai\n\nGet a Half as Interesting t-shirt: http://bit.ly/2xjHuw4 Suggest a video and get a free t-shirt if we use it: http://halfasinteresting.com/suggest \n\nFollow Half as Interesting on Twitter: http://twitter.com/halfinteresting \n\nDiscuss this video on Reddit: http://www.Reddit.com/r/halfasinteres... \n\nCheck out my podcast with Brian from Real Engineering: http://apple.co/2ydYZOd (iTunes link) http://bit.ly/2gyeFle (YouTube link) \nCheck out my other channel: http://youtube.com/wendoverproductions,US
dWLDoQ0Kus8,18.17.06,We Got Coachella Makeovers,As/Is,22,People & Blogs,True,2018-04-12T00:17:18.000Z,"BuzzFeed|""BuzzFeed Video""|""Coachella""|""Fashion""|""Coachella Fashion""|""Lisa Cameron""|""Bree Little""|""hippie""|""hipster""|""summer""|""summer fashion""|""music festival""|""music festival clothes""|""what to wear at coachella""|""what to wear at a music festival""|""what to wear""|""makeover""|""summer makeover""|""coachella makeover""|""flowy""|""free flowy""",834045,20992,996,1419,https://i.ytimg.com/vi/dWLDoQ0Kus8/default.jpg,False,False,False,"I feel like Beyonce, Zenon: Girl of the 21st Century, and Rainbow Fish... all in one.\n\nAs/Is\nBoldly has changed its name to As/Is--don’t worry, it’s the same content you know and love! Subscribe for daily videos & series about beauty, fashion, style, body positivity, women’s experiences and lifestyle, and to join a community of incredible women working to empower and inspire each other. We accept you, as is!\n\nCheck out more awesome videos on As/Is!\nAs/Is on YouTube: https://bit.ly/2p6kiZu\nLadylike on YouTube: https://bit.ly/2nbQuy4\n\nLove BuzzFeed? Get the merch! BUY NOW: https://goo.gl/2ny7st\n\nCheck out more awesome videos on As/Is!\nAs/Is on YouTube: https://www.youtube.com/asis\nLadylike on YouTube: https://www.youtube.com/ladylike\nAs/Is on Facebook: http://facebook.com/UrGreatAsIs\nAs/Is on Instagram: @UrGreatAsIs http://instagram.com/UrGreatAsIs\nAs/Is on Twitter: http://www.twitter.com/urgreatasis\nCheck out our website: http://buzzfeed.com/asis\n\nGET MORE BUZZFEED:\nhttps://www.buzzfeed.com\nhttps://www.buzzfeed.com/videos\nhttps://www.youtube.com/buzzfeedvideo\nhttps://www.youtube.com/asis\nhttps://www.youtube.com/buzzfeedblue\nhttps://www.youtube.com/buzzfeedviolet\nhttps://www.youtube.com/perolike\nhttps://www.youtube.com/ladylike\n\n\nMUSIC\nSFX Provided By AudioBlocks\n(https://www.audioblocks.com)\n\nLicensed via Audio Network\n\nSTILLS\nAfropunk Brooklyn Celebrates Youth, Music, And Fashion\nStephanie Keith/Getty Images\n2017 Lollapalooza Brazil - Day 2\nRaphael Dias/Getty Images\nStreet Style At The 2015 Coachella Valley Music And Arts Festival - Weekend 1\nRachel Murray/Getty Images\nO, The Oprah Magazine Hosts Special NYC Screening Of 'A Wrinkle In Time' At Walter Reade Theater\nMike Coppola/Getty Images\nStreet Style At The 2017 Coachella Valley Music And Arts Festival - Weekend 2\nMatt Winkelmeyer/Getty Images\nSTARS 2013 Benefit Gala By The Fulfillment Fund - Inside\nImeh Akpanudosen/Getty Images\nStreet Style At The 2017 Coachella Valley Music And Arts Festival - Weekend 1\nKatie Stratton/Getty Images\nAMFOOT-NFL-SUPERBOWL-HALFTIME\nTIMOTHY A. CLARY/Getty Images\nStreet Style At The 2016 Coachella Valley Music And Arts Festival - Weekend 1\nMatt Winkelmeyer/Getty Images\nStreet Style At The 2016 Coachella Valley Music And Arts Festival - Weekend 1\nMatt Cowan/Getty Images\nStreet Style At The 2017 Coachella Valley Music And Arts Festival - Weekend 1\nFrazer Harrison/Getty Images\nStreet Style At The 2015 Coachella Valley Music And Arts Festival\nRachel Murray/Getty Images\nTIDAL X: 1015 - Arrivals\nBrad Barket/Getty Images\nStreet Style At The 2017 Coachella Valley Music And Arts Festival - Weekend 2\nRich Fury/Getty Images\n\nCredits: https://www.buzzfeed.com/bfmp/videos/50944\n\nEXTERNAL CREDITS\nLisa Cameron\nhttps://www.instagram.com/styledbylmc/\n+\nBree Little \nhttps://www.instagram.com/bree.little/",US
eZSAIm_pzv4,18.18.06,Cleveland Cavaliers vs Boston Celtics Full Game Highlights / Game 6 / 2018 NBA Playoffs,MLG Highlights,17,Sports,True,2018-05-26T03:08:18.000Z,"nba|""2018 nba playoffs""|""mlg highlights""|""mlg""|""basketball""|""highlights""|""nba playoffs""|""nba highlights""|""game highlights""|""cleveland cavaliers""|""boston celtics""|""cavaliers""|""celtics""|""cleveland vs boston""|""cavaliers vs celtics game 6""|""celtics vs cavaliers game 6""|""cavs vs celtics""|""cavaliers vs celtics full game highlights""|""celtics vs cavaliers full game highlights""|""cleveland cavaliers vs boston celtics highlights""|""cleveland cavaliers vs boston celtics full game highlights""",3379847,19431,1259,4130,https://i.ytimg.com/vi/eZSAIm_pzv4/default.jpg,False,False,False,"Get Your Athletic Cases: https://athleticcases.com/🏀Cleveland Cavaliers vs Boston Celtics Full Game Highlights / Game 6 / Eastern Conference Finals / 2018 NBA Playoffs👍Follow Us on Twitter: https://twitter.com/stayhls👍Like Us on Facebook: https://www.facebook.com/stayhls👀Subscribe To Me On Social Networks To Keep Up To Date With Updates On My Channel :)⚠️Disclaimer:➡️ Monetization is disabled.➡️ Companies that claim rights to my videos are entitled to the monetisations and will earn a profit from my videos if they decide to monetize them. This is not my decision.➡️ If you want the video to be deleted, please write to me, thank you in advance (*for the copyright holder).",US
fVVS9Tng7C0,18.19.06,See Lala And Kway's Epic And Hilarious Dance-Off | BET Social Awards,BETNetworks,24,Entertainment,True,2018-02-12T14:26:34.000Z,"BET|""BET Networks""|""BET Music""|""Black Entertainment Television""|""blameitonkway""|""lalasizahands""|""bet social awards""|""#BETSocialAwards""|""#BETSocialAwards2018""|""Titi""|""Social Awards Opening Dance""|""blameitonkwaydance""|""Mr_hotspot intro""|""mr_hotspot BETSocialAwards""",84418,1377,699,436,https://i.ytimg.com/vi/fVVS9Tng7C0/default.jpg,False,False,False,BlameItOnKway & LaLaSizaHands perform every new dance trend in under two minutes!\n\nStill haven’t subscribed to BET on Youtube? ►► http://bit.ly/1U0v9xG\n\nDownload the BET NOW app for full episodes of your favorite BET shows and exclusive content!\n\nConnect with BET \nWeb: http://www.BET.com\nFacebook: http://www.facebook.com/BET\nTwitter: http://www.twitter.com/BET\nInstagram: http://www.instagram.com/BET\nGoogle+: http://www.bet.us/gplusBET,US
9SK1I0V6U5c,18.20.06,Lie Detector | Anwar Jibawi,Anwar Jibawi,23,Comedy,True,2017-11-14T18:01:03.000Z,"lie detector|""anwar""|""jibawi""|""alphacat""|""lie""|""detector""|""aladdin gets a car""|""alesso anitta is that for me anwar jibawi dance""|""movie spoilers""|""Lie Detector | Anwar Jibawi & Alphacat""|""lelepons""|""hannahstocking""|""rudymancuso""|""inanna""|""sarkis""|""shots""|""shotsstudios""|""alesso""|""anitta""|""brazil""",1610930,85208,916,5001,https://i.ytimg.com/vi/9SK1I0V6U5c/default.jpg,False,False,False,SUBSCRIBE ► https://www.youtube.com/channel/UCEr55381WIqO1w_IzgcI5DQ?sub_confirmation=1\n\nWATCH MY PREVIOUS VIDEO ▶ https://youtu.be/92-b5Su0bw8\n\nTHANKS FOR WATCHING! LIKE & SUBSCRIBE FOR MORE VIDEOS!\n-----------------------------------------------------------\nFIND ME ON: \nInstagram | http://instagram.com/anwar\nSnapchat | http://snapchat.com/add/anwar\nTwitter | http://twitter.com/anwar\n\nCAST:\nAnwar Jibawi | http://youtube.com/c/anwar\nAlpha Cat | https://youtube.com/alphacat\nAlessandro Chillé | https://instagram.com/alessandrochilleactor\n\nAssistant Director:\nAlessandro Chillé | https://instagram.com/alessandrochilleactor\n\nShots Studios Channels:\nLele Pons | http://youtube.com/c/lelepons\nAnwar Jibawi | http://youtube.com/c/anwar\nShots Studios | http://youtube.com/c/shots\nInanna Sarkis | http://youtube.com/c/inanna\nRudy Mancuso | http://youtube.com/c/rudymancuso\nHannah Stocking | http://youtube.com/c/hannahstocking\nAnitta | http://youtube.com/c/anitta\nAlesso | https://youtube.com/c/alesso\nMike Tyson | http://youtube.com/c/miketyson\nAwkward Puppets | http://youtube.com/c/awkwardpuppets\nMarshmello | http://youtube.com/c/marshemellomusic\nGhastly | http://youtube.com/c/ghastlymusic\nSlushii | http://youtube.com/c/slushiimusic\nOokay | http://youtube.com/c/ookaymusic\nJauz | http://youtube.com/c/jauzofficial\nMaejor | http://youtube.com/c/maejor\n\n#Anwar\n#AnwarJibawi\n#Alphacat,US
1qIj0m7-sHI,18.21.06,Top 10 NFL Rookies of the 2017 Season | NFL Highlights,NFL,17,Sports,True,2018-01-02T23:00:00.000Z,"NFL|""Football""|""offense""|""defense""|""afc""|""nfc""|""American Football""|""sport""|""sports""|""play""|""plays""|""top""|""best""|""top 10""|""top 10 rookies""|""rookie""|""rookies""|""marshon lattimore""|""alvin kamara""|""cooper kupp""|""deshuan watson""|""leonard fournette""|""tj watt""|""kareem hunt""|""2017 season""|""best of 2017""|""nfl 2017""|""brian baldinger""|""film review""|""instant playbook""",287705,4156,924,3238,https://i.ytimg.com/vi/1qIj0m7-sHI/default.jpg,False,False,False,"NFL Network's Brian Baldinger ranks and breaks down the Top 10 Rookies from the 2017 Season.\n\nWatch full games with NFL Game Pass: https://www.nfl.com/gamepass?campaign=sp-nf-gd-ot-yt-3000342\n\nSign up for Fantasy Football! http://www.nfl.com/fantasyfootball\n\nSubscribe to NFL: http://j.mp/1L0bVBu\n\nThe NFL YouTube channel is your home for immediate in-game highlights from your favorite teams and players, full NFL games, behind the scenes access and more!\n\nCheck out our other channels:\nNFL Network http://www.youtube.com/nflnetwork\nNFL Films http://www.youtube.com/nflfilms\n\nFor all things NFL, visit the league's official website at http://www.nfl.com/\n\nWatch NFL Now: https://www.nfl.com/now\nListen to NFL podcasts: http://www.nfl.com/podcasts\nWatch the NFL network: http://nflnonline.nfl.com/\nDownload the NFL mobile app: https://www.nfl.com/apps\n2017 NFL Schedule: http://www.nfl.com/schedules\nBuy tickets to watch your favorite team:  http://www.nfl.com/tickets\nShop NFL: http://www.nflshop.com/source/bm-nflcom-Header-Shop-Tab\n\nLike us on Facebook: https://www.facebook.com/NFL\nFollow us on Twitter: https://twitter.com/NFL\nFollow us on Instagram: https://instagram.com/nfl/\nFind us on Snapchat",US
3iUfzN4RAB8,18.22.06,Every Pixar Movie Reviewed in 10 Words or Less!,JelloApocalypse,23,Comedy,True,2018-03-23T15:40:52.000Z,"Pixar|""Review""|""Reviews""|""Marathon Review""|""JelloApocalypse""|""BetterHelp""|""Incredibles 2""|""Super Suit""|""No Capes""|""Incredibles""|""Wall-E""|""WALL-E""|""Up""|""Brave""|""Pixar Theory""|""Funny""|""Parody""|""Edna Mode""|""Frozone""|""Jack-Jack""|""Elastigirl""|""Toy Story""|""New Movie""|""Coco""|""Clips""|""Scenes""|""Best""|""Top 10""|""Finding Dory""|""Disney""",3696076,48178,7293,8923,https://i.ytimg.com/vi/3iUfzN4RAB8/default.jpg,False,False,False,"If you are looking for a very affordable and convenient way to get therapy services from anywhere, please check out my sponsor BetterHelp!►►http://9nl.es/JelloApocalypse\n\n\nMy Patreon! https://www.patreon.com/jelloapocalypse\n\n\nHere's my Pixar ratings spreadsheet, with comparative ratings for all the movies and the shorts! https://docs.google.com/spreadsheets/d/1SThSEopFQaUslQtCYIUh9ZA-JQxcHm_wrvI2TB1Ohmg/edit?usp=sharing\n\n----\n\nAll footage used in this video is being used for review purposes only! All video and some audio presented here is owned and distributed by Pixar Animation Studios and the Walt Disney Company. In this marathon review, clips and music from the following films were used:\n\nCoco | (2017)\nA Bug's Life | (1998)\nThe Incredibles | (2004)\nFinding Dory | (2016) | 4\nMonsters University | (2013)\nMonsters Inc. | (2001)\nWALL-E | (2008)\nCars | (2006)\n\n---\n\nMUSIC\n\nWord Search - pLasterbrain\nGravity Rush OST - Pleasure Quarter\n\nContinue Life Kevin MacLeod (incompetech.com)\nLicensed under Creative Commons: By Attribution 3.0 License\nhttp://creativecommons.org/licenses/b...\n\nDrankin' Song Kevin MacLeod (incompetech.com)\nLicensed under Creative Commons: By Attribution 3.0 License\nhttp://creativecommons.org/licenses/b...",US
BFqNP8VqoPs,18.23.06,"Inside a Chinese 3D Printing Factory - in Shenzhen, China",Strange Parts,28,Science & Technology,True,2018-02-28T14:22:40.000Z,"3d printing|""sla 3d printer""|""sla 3d printing""|""shenzhen""|""3d printer""|""sla""|""stereolithography""|""china""|""laser""|""3d print""|""resin""|""3d printers""|""3d printing service""|""factory""|""chinese factory""|""3d printing factory""|""rapid prototyping""|""manufacturing""|""3d""",274108,12613,168,1611,https://i.ytimg.com/vi/BFqNP8VqoPs/default.jpg,False,False,False,"Today we go inside a Chinese 3D printing factory in Shenzhen,  Lexcent, to see their industrial SLA 3D printing operation.  Not quite what we were expecting, but super interesting nonetheless!\n\nShare this video: https://youtu.be/BFqNP8VqoPs\nSubscribe to the channel here: https://goo.gl/qeurxc\n\n3D Printing Factory: http://www.lexcent.com  leo.xiao@lexcent.com\nSasha's Youtube channel: https://www.youtube.com/user/isashach\n\nMy Gear:\nMain camera: http://amzn.to/2BfHqiW\nOther camera: http://amzn.to/2B0Snke\nMain lens: http://amzn.to/2B0THDI\nOther lens: http://amzn.to/2BAysJQ\nMicrophone: http://amzn.to/2kNCqHg\nLittle tripod: http://amzn.to/2B12zJF\n\nFacebook: http://facebook.com/strangepartscom\nTwitter: http://twitter.com/strangepartscom\nInstagram: http://instagram.com/strangeparts_com\n\nMusic\n--\nOld School Freestyle 2 - Andreas Ericson (licensed through Epidemic Sound)\nQuantum by Blossom Learning (licensed through Art List)",US
vAGtarDX544,18.24.06,Valentine's Day - Mental Floss Scatterbrained,Mental Floss,27,Education,True,2018-02-14T16:19:00.000Z,"john green|""mental floss""|""scatterbrained""|""mike rugnetta""|""idea channel""|""becca scott""|""geek and sundry""|""amanda suk""|""dani fernandez""|""love""|""holiday""|""valentine""|""history""|""science""|""trivia""|""korea""|""japan""|""black day""|""white day""|""ring""|""engagement""|""candy""|""chocolate""|""proposal""|""skink""|""prairie vole""|""angelfish""|""blad eagle""|""animals""|""biology""",19311,796,80,170,https://i.ytimg.com/vi/vAGtarDX544/default.jpg,False,False,False,"Scatterbrained is a new trivia show in which different hosts do a deep dive into one topic. Today, we're learning all about Valentine's Day - from love celebrations around the world to some of nature's most devoted pairs!\n\nSubscribe for new episodes of Scatterbrained every other Wednesday!\n\n----\nWebsite: http://www.mentalfloss.com\nTwitter: http://www.twitter.com/mental_floss\nFacebook: http://www.facebook.com/mentalflossmagazine\nStore: http://store.mentalfloss.com/ (enter promo code: YoutubeFlossers for 15% off!)",US
Fr0wEsISRUw,18.25.06,Introducing Haven,Freedom of the Press Foundation,28,Science & Technology,True,2017-12-22T12:07:38.000Z,"Privacy|""Android""|""Snowden""|""Freedom of the Press""|""Security""|""Haven""|""Infosec""|""Opsec""|""Operational Security""|""Edward Snowden""|""FPF""|""Guardian Project""|""Guardian""|""Project""|""Information Security""|""Ed Snowden""|""Safety""|""Digisec""",481100,3047,261,519,https://i.ytimg.com/vi/Fr0wEsISRUw/default.jpg,False,False,False,"Haven is for people who need a way to protect their personal spaces and possessions without compromising their own privacy. It is an Android application that leverages on-device sensors to provide monitoring and protection of physical spaces. Haven turns any Android phone into a motion, sound, vibration and light detector, watching for unexpected guests and unwanted intruders. We designed Haven for investigative journalists, human rights defenders, and people at risk of forced disappearance to create a new kind of herd immunity. By combining the array of sensors found in any smartphone, with the world’s most secure communications technologies, like Signal and Tor, Haven prevents the worst kind of people from silencing citizens without getting caught in the act.\n\nLearn more: https://guardianproject.github.io/haven/\n\nDownload the beta today: https://play.google.com/store/apps/details?id=org.havenapp.main\n\nDonate funds: https://freedom.press/donate-support-haven-open-source-project/\n\nAudio is Euphoric by Podington Bear (CC-BY-NC 3.0): http://freemusicarchive.org/music/Podington_Bear/Inspiring/Euphoric\nVideo is licensed CC-BY-NC 3.0 by Freedom of the Press Foundation and @SteveWyshy: https://twitter.com/SteveWyshy",US
K9kVsnTQh-g,18.15.06,washing dishes by hand is better than using a dishwasher,paul wheaton,28,Science & Technology,True,2010-05-11T01:17:49.000Z,"washing dishes by hand dishwasher|""how much water does a dishwasher use""|""washing dishes by hand vs. dishwasher""|""dishwasher vs hand washing water usage""|""dishwasher vs hand washing which cleans better""|""dishwasher vs hand washing water use""|""dishwasher vs hand washing""|""dishwasher vs hand washing germs""|""washing dishes""|""washing dishes by hand""|""how to wash dishes by hand""|""dishes""|""dishwashers""|""dishwasher""|""dishwashing""|""how to wash dishes""|""washing the dishes""|""hand washing dishes""",73685,260,55,96,https://i.ytimg.com/vi/K9kVsnTQh-g/default.jpg,False,False,False,"http://www.permies.com This is a demonstration of washing a load of dishes using just a gallon of water.\n\nDishwashers typically use 15 gallons of water although energy efficient dishwashers use 9 gallons.  And they do a crappy job.  \n\nI'm using the dishwasher as a dish drying rack.\n\nPermaculture Playing Cards\nhttps://richsoil.com/cards.jsp\n\n177 hours of Permaculture Design Course and Appropriate Technology Course\nhttps://permies.com/pdc\n\nBetter Wood Heat: DIY Rocket Mass Heaters 4-DVD set\nhttps://richsoil.com/wood-heat.jsp\n\nWood Burning Stove 2.0 4-DVD set\nhttp://www.woodburningstoves2.com/\n\nWorld Domination Gardening 3-DVD set\nhttps://richsoil.com/wd-gardening.jsp\n\nPermaculture Homestead Podcasts\nhttps://permies.com/f/88/permaculture-podcast\n\nPermaculture Design Course and Appropriate Technology Course\nhttps://richsoil.com/pdc.jsp\n\nRocket Mass Heater Workshop Jamboree\nhttps://richsoil.com/rmh-workshop.jsp\n\nSign up for my daily-ish email, or my devious plots for world domination  \nhttp://richsoil.com/email.jsp",US
MgMLdq9DnNc,18.16.06,February Favorites 2018,Jenn Im,26,Howto & Style,True,2018-02-28T18:20:41.000Z,"imjennim|""jenn im""|""jenn im favorites""|""favorite books""|""monthly favorites""|""february favorites 2018""|""hits 2018""|""fashion faves""|""fashion must haves""|""audible""|""dalai lama""|""book of joy""|""eggie""|""clothesencounters""|""clothes encounters""",258762,10234,407,756,https://i.ytimg.com/vi/MgMLdq9DnNc/default.jpg,False,False,False,"February flew by and as usual, I’ve got all my faves in a row for you. Massive thanks to Audible for sponsoring this video. Get your free 30 day trial membership here: http://audible.com/clothes or text clothes to 500-500\n\n\n------------------------------------------\n\n💎 Subscribe and become a Jem today: http://bit.ly/2iLayjY 💎\n\n------------------------------------------\n\n➫ Shop my clothing line Eggie: http://eggie.us\n\n\n------------------------------------------\n➫  Instagram: http://instagram.com/imjennim\n➫ Twitter: http://twitter.com/imjennim\n➫ Facebook: http://facebook.com/imjennim\n➫ Spotify: http://bit.ly/2rctq05\n➫  Snapchat: http://snapchat.com/add/jennimsnaps\n\n\n------------------------------------------\n\n\n❐ PRODUCTS MENTIONED ❏\n➥ Oak + Fort | Tote: http://bit.ly/2EX8rc4\n➥ Audible | Get Your Free 30 Day Trial Membership here: http://audible.com/clothes\n➥ Dalai Lama + Archibishop Desmond Tutu + Douglas Abrams | The Book of Joy\n➥ Peter Do | Heart Locket Earrings: http://bit.ly/2CclghK\n➥ Takashi Murakami\n➥ Eggie  | Late Shift Trouser (I’m wearing an XS): http://bit.ly/2ETZgcb\n➥ Charlie Kaufman Lecture: http://bit.ly/2sIR6OW\n\n\n------------------------------------------\n\n\n❐ ON ME ❏\n➥ Top: Storets\n\n------------------------------------------\n\n❐ MUSIC ❏\n➫ DJ Grumble's Soundcloud: http://bit.ly/1ElnUag\n➫ DJ Grumble's Spotify: http://spoti.fi/2s5bRD7\n\n\n------------------------------------------\n\nFTC: This video is sponsored by Audible!",US
_CZHqpIpN4k,18.17.06,"The Last Jedi Cast Answers YOUR Questions, Behind the Scenes of the Red Carpet Live Stream, & More!",Star Wars,24,Entertainment,True,2017-12-13T21:43:09.000Z,"The Star Wars Show|""Star Wars Show""|""Andi Gutierrez""|""Anthony Carboni""|""Lucasfilm""|""Star Wars""|""Star Wars: The Last Jedi""|""Rian Johnson""|""Daisy Ridley""|""The Last Jedi Red Carpet""|""The Last Jedi World Premiere""|""Sphero BB-8""|""Sphero""|""BB-8""|""Star Wars Battlefront II""|""Galaxy of Heroes""",137695,6041,214,707,https://i.ytimg.com/vi/_CZHqpIpN4k/default.jpg,False,False,False,"In this installment of The Star Wars Show (which includes paid content by Sphero), we talk with the cast of Star Wars: The Last Jedi and director Rian Johnson, have all the details on new Star Wars Battlefront II content arriving today, go behind the scenes of our red carpet live stream, and more!",US
hphLiGW6FgE,18.18.06,'Wonder Woman' Director Patty Jenkins on Picking The Right Project | Close Up With THR,The Hollywood Reporter,24,Entertainment,True,2017-12-13T17:56:18.000Z,"thr|""the hollywood reporter""|""hollywood reporter""|""entertainment""|""hollywood""|""close up""|""patty jenkins""|""interview""|""patty jenkins interview""|""patty""|""jenkins""|""wonder woman""|""wonder""|""woman""|""wonderwoman""|""patty jenkins wonder woman""|""wonder woman 2017""|""wonder woman director""|""marvel""|""mcu""|""superhero""|""comics""|""director""|""warner brothers""|""celebrity""|""celebrities""|""film""|""movie""|""close up with thr""|""thr roundtables""|""roundtable""|""directors roundtable""|""oscar""|""oscars roundtable""|""2018 oscars""|""2018""",13941,388,9,107,https://i.ytimg.com/vi/hphLiGW6FgE/default.jpg,False,False,False,"Subscribe for Roundtables, Box Office Reports, & More! ►► http://bit.ly/THRSubscribe\nStay in The Know With all Things Hollywood, Subscribe to THR News! ►► http://bit.ly/Sub2THRNews\n\nPatty Jenkins ('Wonder Woman') joins Close Up with The Hollywood Reporter for this season's Directors Roundtable. You don't want to be idealistic and think, 'Maybe I can change their minds.' Maybe you can't says Jenkins.\n\nSubscribe so you don't miss the upcoming full roundtable episode with Angelina Jolie ('First They Killed My Father'), Guillermo del Toro ('The Shape of Water'), Greta Gerwig ('Lady Bird'), Denis Villeneuve ('Blade Runner 2049'), and Joe Wright ('Darkest Hour').\n\nWatch more videos on THR.com: http://www.hollywoodreporter.com/video\nLike us on Facebook: https://www.facebook.com/HollywoodReporter\nFollow us on Twitter: https://twitter.com/thr\nFollow us on Instagram: http://instagram.com/hollywoodreporter",US
oRArmtMA9AI,18.19.06,Marshmello - FLY (Official Music Video),Marshmello,10,Music,True,2018-03-09T05:01:14.000Z,"marshmello|""marshmello fly""|""fly""|""fly marshmello""|""i can fly""|""marshmello i can fly""|""i can fly marshmello""|""alone""|""friends""|""marshmello friends""|""keep it mello""|""marshmello summer""|""marshmello remix""|""marshmello hello""|""dance music""|""marshmello wolves""|""marshmello silence""|""march 2018""|""new edm""|""electronic music""|""sweet nothing remix""|""logic everyday""|""dance""|""lyrics""|""pop music""|""dance mix""|""edm""|""faded""|""Marshmello alone""|""spectre""|""маршмеллоу""|""Eu posso voar""|""vevo 2018""|""musique 2018""|""nouveauté 2018""",11654342,345210,10330,39541,https://i.ytimg.com/vi/oRArmtMA9AI/default.jpg,False,False,False,"Marshmello - Fly (ft. Leah Culver) http://smarturl.it/mellofly\nWatch 'Fly' Vertical Video on Spotify! http://spoti.fi/2FnJ6sR\nMellogang, In celebration of reaching 11 Million Subscribers on YouTube, I wanted to do something special. This is for all of you who have been here from the beginning. Because of your love and support, I CAN FLY! Keep working hard, chase your dreams, and you'll fly too.\n\nGet your NEW Mello™️ by Marshmello gear HERE ▶ http://shop.marshmellomusic.com\n\nWatch Cooking with Marshmello HERE ▶ http://youtube.com/playlist?list=PLcYK4PlHbZQtXROf5fnrr4dO4ruWiv7ts\n\nWATCH FRIENDS MUSIC VIDEO ▶ https://youtu.be/jzD_yyEcp0M\nWATCH SPOTLIGHT MUSIC VIDEO ▶ https://youtu.be/7R1N-8SoqcM\nWATCH LOVE U MUSIC VIDEO ▶ https://youtu.be/D-pKeb6Wf4U\nWATCH TAKE IT BACK MUSIC VIDEO ▶ https://youtu.be/P9Ijqa_2eu0\nWATCH SILENCE MUSIC VIDEO ▶ https://youtu.be/Tx1sqYc3qas\nWATCH BLOCKS MUSIC VIDEO ▶ https://youtu.be/5E4ZBSInqUU\nWATCH YOU & ME MUSIC VIDEO ▶ https://youtu.be/fiusxyygqGk\nWATCH FIND ME MUSIC VIDEO ▶ https://youtu.be/ymq1WdGUcw8\nWATCH MOVING ON MUSIC VIDEO ▶ https://youtu.be/yU0tnrEk8H4\nWATCH SUMMER MUSIC VIDEO ▶ https://youtu.be/2vMH8lITTCE\nWATCH ALONE MUSIC VIDEO ▶ https://youtu.be/ALZHF5UqnU4\nWATCH KEEP IT MELLO MUSIC VIDEO ▶ https://youtu.be/_J_VpmXAzqg\n\nSUBSCRIBE HERE ▶ http://youtube.com/marshmellomusic?sub_confirmation=1\n\nMARSHMELLO: \nSpotify | http://spoti.fi/Marshmello\nSoundCloud | http://soundcloud.com/marshmellomusic\nInstagram | http://instagram.com/marshmellomusic\nTwitter | http://twitter.com/marshmellomusic\nFacebook | http://facebook.com/marshmellomusic\nMerch | http://shop.marshmellomusic.com/\n\nCredits:\nDirected by: Thomy Hoefer\nAnimated by : Steven Messing\n\nMarshmello - Fly (Official Music Video)\n#Marshmello",US
dkD1l8iKedE,18.20.06,Live Q&A!,Merrell Twins Live,22,People & Blogs,True,2017-12-12T23:08:40.000Z,[none],40876,2968,31,402,https://i.ytimg.com/vi/dkD1l8iKedE/default.jpg,False,False,False,,US
DIBw9dSVKdU,18.21.06,Ralph Breaks The Internet: Wreck-It Ralph 2 Official Teaser Trailer,Walt Disney Animation Studios,1,Film & Animation,True,2018-02-28T13:43:42.000Z,"Disney|""Walt Disney Animation Studios""|""Disney Animation""|""Walt Disney""|""Animation""|""wreck it ralph""|""ralph breaks the internet""|""new movie""|""trailer""|""ralph trailer""|""movie trailer""|""sneak peek""|""first look""|""family movie""|""thanksgiving""|""sarah silverman""",21636717,293209,14561,53078,https://i.ytimg.com/vi/DIBw9dSVKdU/default.jpg,False,False,False,"Watch the teaser trailer for Ralph Breaks the Internet: Wreck-It Ralph 2. See the film in theatres this Thanksgiving.\n\n“Ralph Breaks the Internet: Wreck-It Ralph 2” leaves Litwak’s video arcade behind, venturing into the uncharted, expansive and thrilling world of the internet—which may or may not survive Ralph’s wrecking. Video game bad guy Ralph (voice of John C. Reilly) and fellow misfit Vanellope von Schweetz (voice of Sarah Silverman) must risk it all by traveling to the world wide web in search of a replacement part to save Vanellope’s video game, Sugar Rush. In way over their heads, Ralph and Vanellope rely on the citizens of the internet—the netizens—to help navigate their way, including a webite entrepreneur named Yesss (voice of Taraji P. Henson), who is the head algorithm and the heart and soul of trend-making site “BuzzzTube.” Directed by Rich Moore (“Zootopia,” “Wreck-It Ralph”) and Phil Johnston (co-writer “Wreck-It Ralph,” “Cedar Rapids,” co-writer “Zootopia,”), and produced by Clark Spencer (“Zootopia,” “Wreck-It Ralph,” “Bolt”), “Ralph Breaks the Internet: Wreck-Ralph 2” hits theaters on Nov. 21, 2018.\n\nSee more from official Disney Animation:\n\nFacebook: https://www.facebook.com/DisneyAnimation\nTwitter: https://twitter.com/disneyanimation\n\nWelcome to the official Walt Disney Animation Studios YouTube channel! There’s much from the archive that we want to share, while also giving you glimpses into our current studio--a dynamic place full of fresh voices and talent. Become a subscriber today!",US
MNzBFgwkU0A,18.22.06,"Getting Delay, without using any effects...",Rob Scallon,10,Music,True,2018-02-26T14:01:34.000Z,"Rob Scallon|""delay""|""delay effect""|""acoustic""|""acoustically""|""without effects""|""Delay without effects""|""getting delay""|""delay pedal""|""challenge""|""music""|""song""|""song challenge""|""music challenge""|""getting delay without using any effects""|""getting delay without effects""|""guitar""|""guitar effects""|""guitar pedal""|""recording""|""live recording""|""live performance""|""recording music""|""acoustic guitar""|""acoustic guitar music""|""acoustic music""|""handball court""|""reverb""|""natural reverb""|""acoustic guitars""|""instrument""|""Scallon""",1247768,69287,574,3483,https://i.ytimg.com/vi/MNzBFgwkU0A/default.jpg,False,False,False,"3 acoustic guitars, a handball court, and no effects allowed.\n\nMerch store: https://store.dftba.com/collections/rob-scallon\n\nPatreon: http://www.patreon.com/RobScallon\n\nAnchor Ep on Vinyl: https://store.dftba.com/products/anchor-ep-on-vinyl\niTunes: https://itunes.apple.com/us/album/anchor-ep-tour-edition/id1138064251\nAlso Spotify, Amazon, Google Play and really everywhere music usually is…\n\nFeaturing Jeff Linville,\nWho is in this band: https://youtu.be/9ReHh_q_rWw\n\nDave Dunsire: https://www.youtube.com/channel/UCmBKQP1JMEulQhi72wZ7keA\nhttps://www.instagram.com/dave.dunsire/\n\nVincent M Ippolito of Swift Road Studios\nhttps://www.facebook.com/jestermasque\nhttp://www.swiftroadrecording.com\n\nHere's a nice little jam we had while setting up: https://www.youtube.com/watch?v=yh4jfbAq7ak\n\nEvery outtake, why not?\nhttps://www.youtube.com/watch?v=k-4T4RFgo_Y\n\nRain Lesson video: https://www.youtube.com/watch?v=LvCtiRkAUG0\n\nVideo edit by Jake Jarvi: https://www.youtube.com/pineappleboyfilms/\n\nMuch thanks to the Lattof YMCA in Des Plaines, IL for letting us use one of their handball courts for this project.\nhttp://www.ymcachicago.org/lattof/\n\nThis video was made possible because of Patreon support from JackWoodman Piano, Donato Sinicco III, Christopher-Luke Miles, George Marshal, Ismael T Rodriguez, yukhei, Dirk Wouters, Navin Antoine, Brad Tucker, Jaz Maglana, Blayd Malburne, Andrew Johnston, Cody Melcher, Caleb Chalfin, Otto Cate, Nicolette Kawata, Haroon Rahman, Quintin Waldner, Hypergnome, Andy AKA VaultsOfExtoth, Rob Harper, Rahul Parsani, & many other awesome people on my Patreon page: http://www.patreon.com/RobScallon\nThank you so much!\n\nMusic videos go on the main. Everything and anything else is posted on my 2nd Channel: https://www.youtube.com/RobScallon2\n\nAlso...\nMerch: https://store.dftba.com/collections/rob-scallon\nFacebook: http://tinyurl.com/RSfanpage\nTwitter: http://tinyurl.com/twitter78\nInstagram: http://instagram.com/robscallon/\nTumblr: https://RobScallon.tumblr.com",US
qFy5XyZsUeo,18.23.06,Michael Ketterer: Father Of 6 Scores Golden Buzzer From Simon Cowell - America's Got Talent 2018,America's Got Talent,24,Entertainment,True,2018-06-06T01:58:03.000Z,"America's Got Talent 2018|""america's got talent""|""america's got talent fails""|""america's got talent best""|""america's got talent auditions""|""AGT""|""AGT 2018 Auditions""|""AGT best auditions""|""NBC""|""TV""|""TV Shows""|""Highlights""|""Previews""|""Simon Cowell""|""Howie Mandel""|""Tyra Banks""|""Heidi Klum""|""Mel B""|""season 13""|""America's""|""Got""|""Talent""|""funny""|""judge""|""vote""|""clips""|""talent""|""entertainment""|""competition""|""biggest talent show""|""talent show""",2855891,57762,1332,5119,https://i.ytimg.com/vi/qFy5XyZsUeo/default.jpg,False,False,False,"The pediatric mental health nurse from East Tennessee currently resides in Orange County, CA with his wife and six kids. Watch his dreams come true as Simon Cowell gives him the golden buzzer.» Get The America's Got Talent App: http://bit.ly/AGTAppDownload» Subscribe for More: http://bit.ly/AGTSub» Watch America's Got Talent Tuesdays 8/7c on NBC!» Watch Full Episodes Free: http://bit.ly/AGTFullEpisodesAMERICA'S GOT TALENT ON SOCIALLike AGT: https://www.facebook.com/agtFollow AGT: https://twitter.com/agtAGT Tumblr: http://nbcagt.tumblr.com/AGT Instagram: http://instagram.com/agtIn season 13, NBC's America's Got Talent follows Simon Cowell, Heidi Klum, Mel B, Howie Mandel, and host Tyra Banks in their talent search, showcasing unique performers from across the country.Find America's Got Talent trailers, full episode highlights, previews, promos, clips, and digital exclusives here.NBC ON SOCIALLike NBC: http://Facebook.com/NBCFollow NBC: http://Twitter.com/NBCNBC Tumblr: http://NBCtv.tumblr.com/NBC Pinterest: http://Pinterest.com/NBCtv/NBC Google+: https://plus.google.com/+NBCYouTube: http://www.youtube.com/nbcNBC Instagram: http://instagram.com/nbcABOUT AMERICA'S GOT TALENTWith the talent search open to acts of all ages, America's Got Talent has brought the variety format back to the forefront of American culture by showcasing unique performers from across the country. The series is a true celebration of the American spirit, featuring a colorful array of singers, dancers, comedians, contortionists, impressionists, jugglers, magicians, ventriloquists and hopeful stars, all vying for their chance to win America's hearts and the $1 million prize. Follow judges Simon Cowell, Heidi Klum, Mel B, Howie Mandel, and host Tyra Banks in their talent search!Michael Ketterer: Father Of 6 Scores Golden Buzzer From Simon Cowell - America's Got Talent 2018https://youtu.be/qFy5XyZsUeoAmerica's Got Talenthttp://www.youtube.com/user/americasgottalent",US
a30wbmGT3R4,18.24.06,Angela Rye's Big Decision to Freeze Her Eggs,The Real Daytime,24,Entertainment,True,2018-02-05T18:21:25.000Z,"the real|""daytime""|""talk show""|""women""|""tamera mowry""|""adrienne bailon""|""loni love""|""jeannie mai""",64064,736,120,212,https://i.ytimg.com/vi/a30wbmGT3R4/default.jpg,False,False,False,,US
_6uvQtccJss,18.25.06,BLACK FRIDAY HAUL 2017 + TRY ON | Bethany Mota,Bethany Mota,26,Howto & Style,True,2017-11-25T18:55:42.000Z,"bethany mota|""bethany moto""|""bethany""|""mota""|""macbarbie07""|""black friday haul""|""black friday""|""haul""|""clothing""|""forever 21""|""victorias secret""|""bath and body works""|""pacsun""|""shopping""|""try on""|""trying on""|""winter outfits""|""christmas""|""giveaway""",1124215,68505,1102,47185,https://i.ytimg.com/vi/_6uvQtccJss/default.jpg,False,False,False,"HI BABES! For today's video we have a BLACK FRIDAY HAUL!\nThanks for watching & get excited for holiday videos!\n\nXx\nBeth\n\n\nFollow me!\nYouTube: http://bit.ly/BMofficialchannel\nSecond YouTube Channel: http://bit.ly/BMofficial2ndchannel\nInstagram: http://bit.ly/BMofficialinstagram\nSnapchat: thebethnoel\nFacebook: http://bit.ly/BMofficialfacebookpage\nTwitter: http://bit.ly/BMtwitter\nGoogle Plus: http://bit.ly/BMofficialgoogleplus\n\n\n\nIf you're new here....\nHaiiiiii, I'm Bethany Mota! \nIn todays video, I show you my Black Friday Haul!\nCheck out the rest of my videos to see diys, skits, fashion, challenges,\nlifestyle, and just a little bit of weirdness.",US
r2H8Oqm1eQ4,18.15.06,Why Expensive Cars Aren't Always Reliable,Engineering Explained,2,Autos & Vehicles,True,2018-04-08T14:00:07.000Z,"expensive car|""new car""|""used car""|""buy car""|""reliable car""|""luxury car""|""mercedes""|""mercedes s560""|""mercedes s560 cabriolet""|""daimler""|""luxury""|""expensive""|""brand new""|""cars""|""engineering explained""",485377,10427,827,2099,https://i.ytimg.com/vi/r2H8Oqm1eQ4/default.jpg,False,False,False,"Why Luxury Cars Don't Need To Be Reliable\nIt's Too Complicated, It Won't Last, It's A Mechanical Nightmare?\nEE Shirts! - http://bit.ly/2BHsiuo\nRecommended Books & Car Products - http://amzn.to/2BrekJm\nSubscribe for new videos every Wednesday! - https://goo.gl/VZstk7\n\nHow do cars work? It's a simple question, though the answer is quite complicated. And it varies tremendously based on what car we're talking about. A $20,000 compact is far more simple than the $155,000 Mercedes S560 Cabriolet driven in this video. With that extra cost comes luxuriousness, the latest technology, and all kinds of features that most drivers will never even know the car has. \n\nOften, complexity is associated with unreliability, and though they may often correlate, that doesn't mean complexity causes unreliability. In the case of luxury cars, it's important to consider who the buyer is. In this video, we'll discuss why it may be a win-win for both manufacturers and consumers to have expensive cars that aren't necessarily reliable. \n\nEngineering Explained is a participant in the Amazon Influencer Program.\n\nDon't forget to check out my other pages below!\nFacebook: http://www.facebook.com/engineeringexplained\nOfficial Website: http://www.howdoesacarwork.com\nTwitter: http://www.twitter.com/jasonfenske13\nInstagram: http://www.instagram.com/engineeringexplained\nCar Throttle: https://www.carthrottle.com/user/engineeringexplained\nAmazon: https://www.amazon.com/shop/engineeringexplained\nEE Extra: https://www.youtube.com/channel/UCsrY4q8xGPJQbQ8HPQZn6iA\n\nNEW VIDEO EVERY WEDNESDAY!",US
13xFL17XmYU,18.16.06,Little Kid Runs in Slow Motion During Baseball Game - 988585,RM Videos,24,Entertainment,True,2018-04-30T18:57:01.000Z,[none],308917,1513,245,473,https://i.ytimg.com/vi/13xFL17XmYU/default.jpg,False,False,False,"For licensing/usage please contact: licensing(at)jukinmediadotcom .           This little kid was playing baseball when his coach told him to run towards home base. However, instead of getting there as fast as he could, he opted to bask in the moment by running in slow motion.",US
K5x_3QzLY0U,18.17.06,Are You Tricked By These Optical Illusions?,Life Noggin,27,Education,True,2017-12-18T14:00:03.000Z,"life noggin|""life noggin youtube""|""youtube life noggin""|""life noggin channel""|""education""|""education channel""|""life noggin face reveal""|""edutainment""|""edutainment videos""|""blocko""|""blocko life noggin""|""science""|""technology""|""educational""|""school""|""optical illusion""|""mirage""|""ebbinghous illusition""|""dot circle illusion""|""illusion""|""snake illusion""|""bird cage illusision""|""zig zag girl""|""mind blowing optical illusions""|""mind blown""|""optical""",300316,8542,296,1202,https://i.ytimg.com/vi/K5x_3QzLY0U/default.jpg,False,False,False,"Fooled by these optical illusions? Don't feel bad, it's normal.\nWatch more: How Can You Control Your Dreams?\n ►► https://www.youtube.com/watch?v=vU14JY3x81A&index=8&list=PL8L0MzSk_V6JtEDRfRMyb6rFd1acqYSlO\nSubscribe: https://bit.ly/SubLifeNoggin | Get your exclusive Life Noggin merch: http://keeponthinking.co \n \nSupport Life Noggin on Patreon: https://patreon.com/LifeNogginStudios \n \nFollow Life Noggin!\nFacebook: https://facebook.com/LifeNoggin/?ref=br_rs\nInstagram: https://instagram.com/lifenoggin/\nTwitter: https://twitter.com/lifenoggin\nOfficial Website: https://lnstudios.co/\n \nWatch More Life Noggin:\nLatest Uploads: https://youtube.com/watch?v=4A6XkYpmidU&list=PL8L0MzSk_V6JtEDRfRMyb6rFd1acqYSlO\nBig Questions: https://youtube.com/watch?v=rJTkHGXMdb0&list=PL8L0MzSk_V6LtaKh-Eqj7Cs4Tmf5iQPx4\nOuter Space: https://youtube.com/watch?v=rJTkHGXMdb0&list=PL8L0MzSk_V6IPWXQvW3Exk9bqGzOdj8Qq\nInside the Human Body: https://youtube.com/watch?v=FVnnM6hZ7Wk&list=PL8L0MzSk_V6JoZQ-Sy3eK2rjiDsamxCQs \nPopular Videos: https://youtube.com/watch?v=1bVfzBD-40E&list=PL8L0MzSk_V6IYeU-cNGR6NYHW19GMiPNy \n \nWe are LIFE NOGGIN! An animated and educational web show designed to teach you all about your awesome life and the brain that makes you able to live it! We answer questions about everything from inside the human body to deep outer space. Stay tuned for more videos on every Monday and Thursday! Keep On Thinking. \n \nLife Noggin Team:\nDirector/Voice: http://lifenogg.in/PatGraziosi \nExecutive Producer - Ian Dokie: http://instagram.com/iandokie \nDirector of Marketing: http://lifenogg.in/JaredOban \nAnimation by Robert Grisham\nWritten by Michael Sago: https://twitter.com/michaelsago\n \nSources:\nhttps://www.nidcd.nih.gov/health/what-is-voice-speech-language\nhttps://www.asha.org/public/speech/development/language_speech/\nhttps://www2.palomar.edu/anthro/language/language_2.htm\nhttp://mufwene.uchicago.edu/publications/ORIGINS%20AND%20EVOLUTION%20OF%20LANGUAGE%20-%20OHHL%20-%20PROOFS.pdf\nhttp://academics.utep.edu/Portals/878/LSA%20fliers2/Language_beginnings.pdf\nhttps://www.ncbi.nlm.nih.gov/gene/93986\nhttps://ghr.nlm.nih.gov/gene/FOXP2\nhttps://www.merriam-webster.com/help/faq-history\nhttps://www.englishclub.com/history-of-english/\nhttp://www.ruf.rice.edu/~kemmer/Words/chron.html\nhttp://web.mit.edu/jpnet/articles/JapaneseLanguage.html\nhttp://linguistics.byu.edu/classes/Ling450ch/reports/japanese.htm\nhttp://www.d.umn.edu/~jfitzake/Lectures/DMED/SpeechLanguage/CorticalS_LAreas/CorticalLanguageAreas.html\nhttps://faculty.washington.edu/chudler/lang.html\nhttps://www.britannica.com/science/Wernicke-area\nhttp://pandora.cii.wwu.edu/vajda/ling201/test4materials/language_and_the_brain.htm\nhttps://www.britannica.com/science/Broca-area\nhttp://itre.cis.upenn.edu/~myl/languagelog/archives/002041.html\nhttp://sapir.psych.wisc.edu/papers/scudellari2016.pdf\nhttps://www.sciencedaily.com/releases/2017/05/170502112607.htm\nhttp://www2s.biglobe.ne.jp/~nippon/file/jog240e.html",US
3y75zBl37f8,18.18.06,Adam Rippon Competes in the Olympics of Eating Spicy Wings | Hot Ones,First We Feast,26,Howto & Style,True,2018-03-15T14:58:52.000Z,"First we feast|""fwf""|""firstwefeast""|""food""|""food porn""|""cook""|""cooking""|""chef""|""kitchen""|""recipe""|""cocktail""|""craft beer""|""complex""|""complex media""|""Cook (Profession)sean evans""|""hot ones""|""sean evans""|""adam rippon""|""american figure skater""|""four continents 2018""|""four continents 2010""|""four continents adam rippon""|""figure skating 2018 winter olympics""|""figure skating falls""|""figure skating jumps""|""falling on ice""|""hot sauce""|""spicy wings""|""hot wing challenge""|""food challenge""|""hot ones hot sauce""|""the last dab""",1004531,31168,5168,5653,https://i.ytimg.com/vi/3y75zBl37f8/default.jpg,False,False,False,"Adam Rippon won the hearts of millions at the 2018 Winter Olympics with his electric performances and outspoken interviews. But how is he with hot food? Find out as the figure-skating phenom trades ice for fire in the Hot Ones terror dome. With millions of Scovilles coursing through his veins, Rippon shares behind the scenes stories from PyeongChang, reveals the magical powers of In-N-Out burgers, and judges a very special Hot Ones free-skate routine from Sean Evans.\n\nClick here to purchase Hot Ones hot sauces: http://bit.ly/2ja8sx2\n\nSubscribe to First We Feast on YouTube: http://goo.gl/UxFzhK\nCheck out more of First We Feast here:\nhttp://firstwefeast.com/\nhttps://twitter.com/firstwefeast\nhttps://www.facebook.com/FirstWeFeast\nhttp://instagram.com/firstwefeast\n\n\nFirst We Feast videos offer an iconoclastic view into the culinary world, taking you behind-the-scenes with some of the country's best chefs and finding the unexpected places where food and pop culture intersect.",US
Sl-NvOZ23m8,18.19.06,i was so uncomfortable,ConnorFranta,22,People & Blogs,True,2017-12-05T00:53:00.000Z,"Connor Franta|""ConnorFranta""|""uncomfortable""|""people""|""fun""|""story""|""stories""|""thanksgiving""|""family""|""families""|""mom and dad""|""gay""|""lgbt""|""sexuality""|""disscusion""|""wow""|""interesting""|""crazy""|""youtuber""|""youtubers""|""boy""|""boys""|""girls""|""girl""|""teen""|""teenagers""|""lgbtq""|""topic""|""christmas""|""cute""|""hot""|""funny""|""politics""|""political""|""government""|""holidays""|""idk""|""love""|""loving""|""out of love""|""byeeee""",145048,19448,122,1312,https://i.ytimg.com/vi/Sl-NvOZ23m8/default.jpg,False,False,False,"Subscribe to my channel here: http://bit.ly/1gc4476\nMy Previous Video: http://youtu.be/MVes87KrWvs\nNEW Common Culture Clothing: http://bit.ly/2gjvyNs\nOrder my New Book here: http://notetoselfbyconnor.com\nNEW CC Music Here: http://apple.co/2tvTGYq\nOrder my New Book here: http://notetoselfbyconnor.com\n­­­­­­­------------------------------------------------------------------------------------\n• All My Social Media Links •\nMain Channel: http://youtube.com/ConnorFranta\n2nd Channel: http://youtube.com/ConnorFranta2\nTwitter: http://twitter.com/ConnorFranta\nInstagram: http://instagram.com/ConnorFranta\nFacebook: http://facebook.com/ConnorFrantaFans\nTumblr: http://connorfranta.tumblr.com\nSpotify: http://spoti.fi/1h2V3Qe\nSnapchat: theconnorfranta\n­­­­­­­­­­­­­­­­­­------------------------------------------------------------------------------------\nOrder my New Book here: http://notetoselfbyconnor.com\nOrder My First Book: http://aworkinprogressbyconnor.com\n­­­­­­­­­­­­­­­­­­------------------------------------------------------------------------------------\n• Business Contact •\nFor Inquiries, please email: Andrew.Graham@caa.com\n­­­­­­­­­­­­­­­­­------------------------------------------------------------------------------------\n• Music •\nBackground Song: http://bit.ly/JZ2WIP\nOutro Song: http://bit.ly/1yopmFm\n­­­­­­­­­­­­­­­­­------------------------------------------------------------------------------------\nHope you enjoyed the video! have a great week, loves xx",US
pcJo0tIWybY,18.20.06,SZA - Garden (Say It Like Dat) (Official Video),SZAVEVO,10,Music,True,2018-05-18T14:00:04.000Z,"Garden (Say It Like Dat)|""R&B""|""SZA""|""Top Dawg Entertainment/RCA Records""",3074637,169145,2772,13198,https://i.ytimg.com/vi/pcJo0tIWybY/default.jpg,False,False,False,SZA's CTRL available on:Apple Music - http://smarturl.it/iCTRLSpotify - http://smarturl.it/sCTRLSoundcloud - http://smarturl.it/scCTRLTidal - http://smarturl.it/tCTRLAmazon Music - http://smarturl.it/aCTRLGoogle Play - http://smarturl.it/gCTRLFollow SZA:http://szactrl.comhttp://instagram.com/szahttp://twitter.com/szahttp://facebook.com/sza,US
h_cfN1t3flE,18.21.06,Hmmm...Too Faced Life's a Festival Collection Review | Jackie Aina,Jackie Aina,26,Howto & Style,True,2018-02-16T23:32:15.000Z,"too faced|""too life is a festival""|""life's a festival""|""too faced unicorn collection""|""unicorn makeup""|""unicorn makeup dark skin""",720697,43837,1024,3553,https://i.ytimg.com/vi/h_cfN1t3flE/default.jpg,False,False,False,"Sign up for a free Audible 30 day trial! http://www.audible.com/jackieaina OR text jackieaina to 500-500\n\nThis video was done in partnership with Audible\n\n\nMy Diamond Glow Powders http://bit.ly/2CJWrXw\n\nP R O D U C T S  M E N T I O N E D:\n\n\n\nC O D E S:\n\nMy man makes some DOPE lifestyle/motivational clothing! https://worksmarterlifestyle.com/\n\nhttp://www.Artistcouture.com discount code LABRONZE\n\nMorphe discount code! Use code EDGES for 10% off!\nhttps://www.morphebrushes.com/\n\nUse code JACKIE for discount on all PUR Cosmetics purchases! http://www.purminerals.com/\n\nSigma Makeup Brushes http://bit.ly/1FkFUYl use code JACKIESIGMA for 10% off\n\n\nC O N N E C T  W I T H   M E:\ninstagram: @jackieaina\nsnapchat: jackieaina\nfacebook: Jackie Aina\ntwitter: @jackieaina\n\n\nB U S I N E S S:\nFor business inquiries please contact jackie@rare.global\n\n\n*Some affiliate links are used, which means I may receive a commission should you decide to click that link and make a purchase. My content is 100% not influenced by brands, PR products received, usage of affiliate links, or brand partnerships.\n\n\nChanging the standard of beauty, one tutorial at a time :)\nPhil 4:13",US
ju_inUnrLc4,18.22.06,Fifth Harmony - Don't Say You Love Me,FifthHarmonyVEVO,10,Music,True,2018-05-18T07:00:08.000Z,"fifth hamony|""harmonizers""|""lauren""|""ally""|""normani""|""camila""|""dinah-jane""|""fifth harmony full album""|""5h""|""work from home""|""down""|""he liked that""|""worth it""|""all in my head""|""halsey""|""gucci mane""|""ty dolla $ign""|""x factor""|""simon cowell""|""syco""|""Don't Say You Love Me""|""Fifth Harmony""|""Pop""|""Syco Music/Epic""",22421377,670124,15740,52013,https://i.ytimg.com/vi/ju_inUnrLc4/default.jpg,False,False,False,"Fifth Harmony available at iTunes http://smarturl.it/FifthHarmonyA/itunesApple Music http://smarturl.it/FifthHarmonyA/applemusicSpotify  http://smarturl.it/FifthHarmonyA/spotifyGoogle Play http://smarturl.it/FifthHarmonyA/googleplayAmazon http://smarturl.it/FifthHarmonyA/amazonmusicbuyDeezer http://smarturl.it/FifthHarmonyA/deezerSoundcloud http://smarturl.it/FifthHarmonyA/soundcloudTidal  http://smarturl.it/FifthHarmonyA/tidalD2C http://smarturl.it/FifthHarmonyA/officialstorebuyTarget http://smarturl.it/FifthHarmonyA/targetWalmart  http://smarturl.it/FifthHarmonyA/walmartFYE http://smarturl.it/FifthHarmonyA/fyeBest Buy http://smarturl.it/FifthHarmonyA/bestbuyFifth Harmony onlinehttps://fifthharmony.com/https://twitter.com/fifthharmonyhttps://www.facebook.com/fifthharmonyhttps://www.instagram.com/fifthharmony/(C) 2017 Simco Ltd. under exclusive license to Epic Records, a division of Sony Music Entertainment",US
zuVxgSvyffk,18.23.06,This Might Get...(Official Trailer),Mamrie Hart,23,Comedy,True,2018-03-03T22:00:52.000Z,"Mamrie Hart|""MamrieHart""|""Mamrie""|""Mametown""|""Mame Town""|""You Deserve a Drink""|""YouDeserveaDrink""|""YDAD""|""comedy""|""funny""|""comedian""|""comedienne""|""mixology""|""mixologist""|""drinks""|""drinking""|""drinking games""|""liquor""|""alcohol""|""this might get""|""thismightget""|""grace helbig""|""mamrie hart and grace helbig""|""grace helbig and mamrie hart""|""grace helbig mamrie hart""|""mamrie hart grace helbig""|""this might get weird y'all""|""gracehelbig""|""grace and mamrie""|""mamrie and grace""|""mamrie grace""|""grace mamrie""|""helbig""",129312,5207,292,283,https://i.ytimg.com/vi/zuVxgSvyffk/default.jpg,False,False,False,"Subscribe to This Might Get! http://bit.ly/ThisMightGet\nThis Might Get... is a show hosted by best friends and all around hot messes, Grace Helbig and Mamrie Hart of (also host of You Deserve a Drink). You can come hang with them five days a week, Monday through Friday. It might get silly, crazy, and even downright weird. In the good way. Hopefully.\n\nFollow Mamrie! \nTwitter ► http://bit.ly/MamrieTwitter\nInstagram ► http://bit.ly/MamrieInstagram\nFacebook ► http://bit.ly/MamrieFacebook\nTumblr ► http://bit.ly/MamrieTumblr \n\nDON’T FORGET TO SUBSCRIBE, YA DRUNKS!",US
4VDylTCCzOY,18.24.06,Adam and Jenna's - Freestyle – Dancing with the Stars,Dancing With The Stars,24,Entertainment,True,2018-05-22T01:58:34.000Z,"abc|""dancing""|""with""|""the""|""stars""|""dwts""|""Freestyle""|""Dancing with the Stars""|""Adam Rippon""|""Jenna Johnson""|""Scooby Doo Pa Pa (DJ Kass Official 2018 Mix)""|""DJ Kass""|""season 26""",319577,2341,398,444,https://i.ytimg.com/vi/4VDylTCCzOY/default.jpg,False,False,False,Adam Rippon and Jenna Johnson Freestyle dance to “Scooby Doo Pa Pa (DJ Kass Official 2018 Mix)” by DJ Kass on Dancing with the Stars Season 26 Finale!Subscribe: http://goo.gl/T7bg3NWatch Dancing with the Stars Mondays at 8|7c on ABC!,US
P3Bd3HUMkyU,18.25.06,First Look at Nintendo Labo,Nintendo,20,Gaming,True,2018-01-17T22:00:05.000Z,"nintendo|""play""|""play nintendo""|""game""|""gameplay""|""fun""|""video game""|""kids""|""action""|""adventure""|""rpg""|""DIY""|""Nintendo Switch""|""Switch""|""RC Car""|""Joy-Con""|""cardboard""|""creations""|""Make""|""Play""|""Discover""|""piano""|""robot""|""music""|""fishing""|""fishing pole""|""do it yourself""|""race car""|""kit""|""customize""|""robot kit""|""toy-con""|""motorcycle""|""build-and-play""|""stencil""|""sticker""|""tape""|""variety kit""|""craft""|""crafting""",2835938,117833,13921,36058,https://i.ytimg.com/vi/P3Bd3HUMkyU/default.jpg,False,False,False,"Get ready to Make, Play and Discover with Nintendo Labo! Nintendo Labo is a new line of interactive build-and-play experiences that combine DIY creations with the magic of Nintendo Switch. Available on April 20, 2018! \n\nLearn more about Nintendo Labo here: https://labo.nintendo.com\n\n#NintendoLabo #NintendoSwitch\n\nSubscribe for more Nintendo fun! https://goo.gl/09xFdP\n\nVisit Nintendo.com for all the latest! http://www.nintendo.com/\n\nLike Nintendo on Facebook: http://www.facebook.com/Nintendo\nFollow us on Twitter: http://twitter.com/NintendoAmerica\nFollow us on Instagram: http://instagram.com/Nintendo\nFollow us on Pinterest: http://pinterest.com/Nintendo\nFollow us on Google+: http://google.com/+Nintendo",US
0vhxoVwqZkk,18.15.06,I Pretended To Be A Model On A Shoot For Jigsaw,Glam&Gore,24,Entertainment,True,2017-11-30T01:52:27.000Z,"I Pretended To Be A Model On A Shoot For Jigsaw|""jigsaw""|""saw""|""vlog""|""photoshoot vlog""|""saw nurse vlog""|""mykie""|""glam&gor""|""glam and gor""|""lifestyle vlog""|""saw blood drive""|""daily vlog""|""lionsgate""",606120,50293,264,2237,https://i.ytimg.com/vi/0vhxoVwqZkk/default.jpg,False,False,False,"This is a video slash vlog about the day I got to pretend I was a legit model and become an official Saw nurse for the Jigsaw Blood Drive campaign! \n\nTo check out what it's done and/or if you want to save any of the nurse images, check out: www.jigsawblooddrive.com\n\nSpecial thanks to Lionsgate for asking me to be a part of this really great cause and to you guys for your constant support. You're the reason I was chosen to do this and I'll remember it forever! \n\nRed carpet footage from MaximoTV: https://www.youtube.com/watch?v=_ZI8NdWqBgE\n\n\n---------------------------------------------------------------------------------------\n\nFor more looks and extra shenanigans, follow me on other sites:\nInstagram:https://www.instagram.com/mykie_/\nTwitter: https://twitter.com/Glam_And_Gore\nFacebook: https://www.facebook.com/GlamAndGoreMakeup/\nSnapchat: GlamNgore\nwww.glamandgore.com\n\n**MERCH:  https://www.districtlines.com/glamandgore **\n\nPersonal Channel: https://www.youtube.com/mykie\n\n\nCopyright Glam&Gore ©2017\n\n---------------------------------------------------------------------------------------\n\n\nS O N G S :\n\nZookeepers & Heuse - Mercury [NCS Release]\n• https://www.youtube.com/watch?v=bLcdhpjKo9E\n• https://soundcloud.com/zookeepersdk\n\nAero Chord & Anuka - Incomplete (T-Mass Remix) [NCS Release]\n• https://www.youtube.com/watch?v=vXTrSJRJTYY\n• http://facebook.com/aerochord\n\nInukshuk - The Long Road Home [NCS Release]\n• https://www.youtube.com/watch?v=athFRSHdrag\n• https://soundcloud.com/iaminukshuk",US
ykHeGtN4m94,18.16.06,"Love, Simon | Official Trailer [HD] | 20th Century FOX",20th Century Fox,1,Film & Animation,True,2017-11-28T21:28:53.000Z,"Trailer|""Nick Robinson""|""Katherine Langford""|""Alexandra Shipp""|""Jorge Lendeborg""|""Miles Heizer""|""Keiynan Lonsdale""|""Logan Miller""|""Jennifer Garner""|""Josh Duhamel""|""Tony Hale""|""Greg Berlanti""|""Wyck Godfrey""|""Marty Bowen""|""Dawson’s Creek""|""Brothers & Sisters""|""Becky Albertalli""|""Simon vs. the Homo Sapiens Agenda""|""LoveSimon""|""20th Century FOX""|""gay""|""coming out""|""coming out story""|""gay coming out story""",868892,15406,849,1667,https://i.ytimg.com/vi/ykHeGtN4m94/default.jpg,False,False,False,"Everyone deserves a great love story. But for seventeen-year old Simon Spier it’s a little more complicated: he’s yet to tell his family or friends he’s gay and he doesn’t actually know the identity of the anonymous classmate he’s fallen for online. Resolving both issues proves hilarious, terrifying and life-changing. Directed by Greg Berlanti (Dawson’s Creek, Brothers & Sisters), written by Isaac Aptaker & Elizabeth Berger (This is Us), and based on Becky Albertalli’s acclaimed novel, LOVE, SIMON is a funny and heartfelt coming-of-age story about the thrilling ride of finding yourself and falling in love.\n\nIn Theaters March 16, 2018\n\nCast: Nick Robinson, Katherine Langford, Alexandra Shipp, Jorge Lendeborg, Miles Heizer, Keiynan Lonsdale, Logan Miller, Jennifer Garner, Josh Duhamel, Tony Hale.\n\nDirected by: Greg Berlanti\n\nScreenplay by: Isaac Aptaker and Elizabeth Berger\n\nProduced by: Wyck Godfrey and Marty Bowen\n\nConnect with Love, Simon Online:\nVisit Love, Simon on our WEBSITE: http://LoveSimonMovie.com\nLike Love, Simon on FACEBOOK: https://www.facebook.com/LoveSimonMovie/\nFollow Love, Simon on TWITTER: https://twitter.com/lovesimonmovie\nFollow Love, Simon on INSTAGRAM: https://www.instagram.com/lovesimonmovie\n\n#LoveSimon\n\nAbout 20th Century FOX:\nOfficial YouTube Channel for 20th Century Fox Movies. Home of Avatar, Aliens, X-Men, Die Hard, Deadpool, Ice Age, Alvin and the Chipmunks, Rio, Peanuts, Maze Runner, Planet of the Apes, Wolverine and many more.\n\nConnect with 20th Century FOX Online:\nVisit the 20th Century FOX WEBSITE: http://bit.ly/FOXMovie\nLike 20th Century FOX on FACEBOOK: http://bit.ly/FOXFacebook\nFollow 20th Century FOX on TWITTER: http://bit.ly/TwitterFOX\n\nLove, Simon | Official Trailer [HD] | 20th Century FOX \nhttp://www.youtube.com/user/FoxMovies",US
dPWg-A9tiRI,18.17.06,Drunk History - Rose Valland Takes On the Nazis,Comedy Central,23,Comedy,True,2018-01-23T21:30:01.000Z,"Drunk History|""Drunken History""|""Drunk History full episodes""|""Derek Waters""|""Drunk History Funny or Die""|""Tiffany Haddish""|""Rose Valland""|""Busy Philipps""|""art""|""museums""|""spying""|""Nazi""|""university""|""France""|""Germany""|""World War II""|""Adolf Hitler""|""Hermann Goring""|""Tupac Shakur""|""Monuments Men""|""comedy central""|""stand up comedy""|""comedians""|""comedy central comedians""|""comedy""|""funny""|""comedian""|""funny video""|""comedy videos""|""stand up videos""|""funny jokes""|""funny clips""|""hilarious videos""|""hilarious clips""",931779,6953,230,403,https://i.ytimg.com/vi/dPWg-A9tiRI/default.jpg,False,False,False,"Tiffany Haddish tells the story of Rose Valland, an assistant curator in Paris who helped recover thousands of works of art stolen by the Nazis during World War II.\n\nWatch full episodes of Drunk History now:   http://www.cc.com/shows/drunk-history/full-episodes \n\nDrunk History airs Tuesdays at 10/9c on Comedy Central.",US
84iujjDAqHw,18.18.06,INCREDIBLES 2 Teaser Trailer #2 (2018) Disney Pixar Animated Movie HD,Comicbook.com,1,Film & Animation,True,2018-02-11T14:01:03.000Z,"incredibles 2|""trailer""|""incredibles 2 trailer""|""incredibles""|""incredibles trailer""|""incredibles 2 teaser trailer""|""disney""|""pixar""|""animation""|""animated""",92030,1347,115,77,https://i.ytimg.com/vi/84iujjDAqHw/default.jpg,False,False,False,"Incredibles 2 Teaser Trailer #2 (2018) Disney Pixar Animated Movie HD\n\nSubscribe for more official Trailers, TV Spots, Movie Clips, Featurettes and exclusive content!",US
inZzcTXYowY,18.19.06,Louis Tomlinson - Miss You (Official Video),LouisTomlinsonVEVO,10,Music,True,2017-12-08T16:00:04.000Z,"Louis Tomlinson|""Miss You""|""Pop""|""Syco Music""",1738805,305978,1262,29952,https://i.ytimg.com/vi/inZzcTXYowY/default.jpg,False,False,False,Louis Tomlinson's new single ‘Miss You’ is out NOW. Get it here: \niTunes: http://smarturl.it/LTMissYou/itunes\nApple Music: http://smarturl.it/LTMissYou/applemusic\nSpotify: http://smarturl.it/LTMissYou/spotify\nGoogle Play: http://smarturl.it/LTMissYou/googleplay\n\nFollow Louis on social media: \nTwitter: https://twitter.com/Louis_Tomlinson \nInstagram: https://www.instagram.com/louist91/ \nFacebook: https://www.facebook.com/louis.tomlinson/\nSpotify: http://spoti.fi/2tTm1Fb \nWebsite: http://smarturl.it/LouisTOfficialSite,US
_GcsQuOGPPk,18.20.06,I Dyed My Virgin Hair For The First Time | Beauty With Mi | Refinery29,Refinery29,26,Howto & Style,True,2018-01-29T16:00:02.000Z,"refinery29|""refinery 29""|""r29""|""r29 video""|""refinery29 video""|""female""|""empowerment""|""beauty with mi""|""new york city""|""beauty trends""|""trendy""|""how to apply""|""hair transformation""|""hair tutorial""|""color transformation""|""amazing hair""|""hair color""|""hairstyle""|""summer hairstyles""|""cute hairstyles""|""makeover""|""new hairstyles""|""top hairstyles""|""salon""|""natural hair""|""pastel hair""|""before and after""|""hair colour transformation""|""haircuts""|""pink hair""|""hair colour""|""pastel pink hair""|""pastel pink""|""blonde hair""|""nyc""",97882,2420,78,280,https://i.ytimg.com/vi/_GcsQuOGPPk/default.jpg,False,False,False,"On this special episode of Beauty With Mi, our host Mi-Anne Chan undergoes a dramatic hair transformation. She dyes her virgin hair for the very first time, going from black to pastel pink! Watch this episode to see the transformation go down!\n\nABOUT SERIES\nExplore the craziest trends, most unique treatments, newest products, and strangest subcultures in the beauty world alongside Refinery29’s very own beauty writer, Mi-Anne Chan. We dare to find and try the fringes of beauty — for better or worse.\n\nhttp://spokeandweal.com/\n\nPRODUCTS MENTIONED IN THE VIDEO:\nOUAI Repair Shampoo\nhttp://fave.co/2nlzROR\nOUAI Repair Conditioner\nhttp://fave.co/2nojYHt\nVERB Dry Shampoo\nhttp://fave.co/2nkbGQx\nUberliss Bond Sustainer Color\nhttp://fave.co/2njHftY\n\nABOUT REFINERY29 \nRefinery29 is a modern woman's destination for how to live a stylish, well-rounded life. http://refinery29.com/\n\nRELATED CONTENT\nI Got A $1,000 Facial\nhttps://youtube.com/watch?v=wCZFLyXbPDg \nI Got A Facial On My Vagina\nhttps://youtube.com/watch?v=H4b4rkYafZQ\nI Tried This Insane Bubble Facial\nhttps://youtube.com/watch?v=KJhvxIkW4nY\n\nSEE MORE REFINERY29 VIDEOS\nhttp://refinery29.com/video\n\nSUBSCRIBE TO REFINERY29\nSubscribe to the Refinery29 channel: http://bit.ly/subscribe-to-r29\nFor the latest trends and videos, visit: http://refinery29.com\nLike Refinery29 on Facebook: https://facebook.com/refinery29\nFollow Refinery29 on Twitter: https://twitter.com/refinery29\nHeart Refinery29 on Instagram: https://instagram.com/refinery29/\n\nTALENT\nFollow Spoke and Weal on Instagram: https://instagram.com/spokeandweal/\nFollow Mi-Anne Chan on Instagram:\nhttps://instagram.com/mianne.chan/",US
Oapebl0bADA,18.21.06,Khalid - Saved (Official Video),KhalidVEVO,10,Music,True,2017-12-14T15:00:01.000Z,"Khalid|""R&B""|""Right Hand Music Group""|""LLC/RCA Records""|""Saved""",1186274,75762,871,4106,https://i.ytimg.com/vi/Oapebl0bADA/default.jpg,False,False,False,"Get Khalid's debut album 'American Teen' featuring Let's Go, Saved, and the hit single Location\nApple Music: http://smarturl.it/iAmericanTeen?IQid=yt\nAmazon Music:http://smarturl.it/azAmericanTeen?IQid=yt\nGoogle Play: http://smarturl.it/gpAmericanTeen?IQid=yt\nListen on Spotify: http://smarturl.it/spAmericanTeen?IQid=yt\n\nFollow Khalid:\nhttps://www.facebook.com/thegreatkhalid\nhttps://twitter.com/thegreatkhalid\nhttps://www.instagram.com/thegr8khalid/",US
0H-JHIGRRNM,18.22.06,Can a Little Tikes Car FLY!?,FliteTest,24,Entertainment,True,2018-03-09T18:34:52.000Z,"Flite Test|""remote controlled""|""drone""|""rc""|""rc hobby""|""little tikes car""|""little tikes""|""little tykes""|""little tikes fly""|""flying car""|""flying toy car""|""cozy coupe""|""funny""|""kids""|""flying""|""toy""|""crash""|""fun""|""homemade""|""baby""|""baby car""|""toddler""",376084,8078,272,1044,https://i.ytimg.com/vi/0H-JHIGRRNM/default.jpg,False,False,False,"We try to make the Little Tikes Cozy Coupe from your childhood fly!\n\nSee some of our other crazy projects: http://bit.ly/2FAnSHg\nWatch our most recent videos: http://bit.ly/newestvids\nClick here to subscribe: http://bit.ly/FliteTestSub\n\nCheck out T-Motor: http://store-en.tmotor.com/\n\nNew to the hobby? Get started here: https://www.flitetest.com/beginner\n\nThanks to our sponsors for helping making these videos possible. By supporting these companies, you support us:\nHorizon Hobby: http://www.horizonhobby.com/\nRC products\nSpektrum: http://www.spektrumrc.com/\nTransmitters\nLensRentals: https://www.flitetest.com/lensrentals\nVideo gear rental\nHyperion: http://www.hyperion-world.com/\nBatteries\nLulzBot: https://www.lulzbot.com/\n3D printers\n\nVisit our site for more content and to join our community! https://www.flitetest.com/\n\nFollow us on Social Media!!!!!!\nInstagram: @flitetest\nTwitter: @flitetest\nPeriscope: @flitetest\nFacebook: https://facebook.com/flitetest\n\nFollow the team on the Instagrams\n@flitetestjb\n@joshuadavidscott\n@zvada\n@austinfurey\n@jeremyandrewdavis\n@tbonedrones\n@andrewturnsdown\n@sidewinderfpv\n\nMusic by: David Cutter Music - http://www.davidcuttermusic.co.uk",US
JRuC_NoBrM8,18.23.06,Shaun White's biggest fans share his heart condition,USA TODAY,25,News & Politics,True,2018-02-14T02:18:42.000Z,"shaun white|""tetralogy of fallot""|""olympics""|""usatsyn""|""video syndication - sports pulse""|""usatyoutube""|""olympic sports""|""vpc""|""congenital heart defects""|""chd awareness""|""open heart surgery""|""heart health""",33373,233,17,65,https://i.ytimg.com/vi/JRuC_NoBrM8/default.jpg,False,False,False,"Shaun White's success at the 2018 Winter Olympics shows one community of kids and their parents that anything is possible. They're people living with Tetralogy of Fallot, the same congenital heart defect the gold medalist was born with.\n\nBe Smarter. Faster. More Colorful and get the full story at http://www.usatoday.com/\n\nSubscribe to USA TODAY's YouTube channel: http://bit.ly/1xa3XAh\nLike USA TODAY on Facebook: https://www.facebook.com/usatoday\nFollow USA TODAY on Twitter: https://twitter.com/USATODAY\nFollow USA TODAY on Instagram: https://instagram.com/usatoday/",US
nsZvmFUXkrI,18.24.06,"Racist Superman | Rudy Mancuso, Alesso & King Bach",Rudy Mancuso,23,Comedy,True,2018-04-04T16:00:01.000Z,"racist superman|""rudy""|""mancuso""|""alesso""|""king""|""bach""|""racist""|""superman""|""rudy mancuso maia mitchell magic official music video""|""domino""|""new year new me""|""separated at birth""|""hannah""|""stocking""|""juanpa""|""zurita""|""lele""|""pons""|""separated""|""at""|""birth""|""poo bear ft justin bieber jay electronica hard to face reality official lyric""|""Poo Bear ft. Justin Bieber & Jay Electronica - Hard to Face Reality (Official Lyric Video)""|""lelepons""|""hannahstocking""|""rudymancuso""|""shots""|""anitta""",6207826,268539,11457,27669,https://i.ytimg.com/vi/nsZvmFUXkrI/default.jpg,False,False,False,WATCH MY PREVIOUS VIDEO ▶ https://youtu.be/lRkTgVynmbM\n\nSUBSCRIBE ► https://www.youtube.com/channel/UC5jkXpfnBhlDjqh0ir5FsIQ?sub_confirmation=1\n\nTHANKS FOR WATCHING! LIKE & SUBSCRIBE FOR MORE VIDEOS!\n-----------------------------------------------------------\nFIND ME ON: \nInstagram | http://instagram.com/rudymancuso\nTwitter | http://twitter.com/rudymancuso\nFacebook | http://facebook.com/rudymancuso\n\nCAST: \nRudy Mancuso | http://youtube.com/c/rudymancuso\nAlesso | http://youtube.com/c/alesso \nAnwar Jibawi | http://youtube.com/c/anwar\nKing Bach | https://instagram.com/kingbach\nJustin Bieber | https://instagram.com/justinbieber\nCorentin | https://instagram.com/corentin\nSimon Rex | https://instagram.com/simonrex415\nTimothy DeLaGhetto | https://instagram.com/timothydelaghetto\nIRO | https://instagram.com/iro_music\nMaia Mitchell | https://instagram.com/maiamitchell\nKlarity | https://instagram.com/klarity\n\nMUSIC:\nAnitta - Vai Malandra (Alesso & KO:YU Remix) | https://youtu.be/p55AlBd8XDU\n\nShots Studios Channels:\nAlesso | http://youtube.com/c/alesso\nAnitta | http://youtube.com/c/anitta\nAnwar Jibawi | http://youtube.com/c/anwar\nAwkward Puppets | http://youtube.com/c/awkwardpuppets\nHannah Stocking | http://youtube.com/c/hannahstocking\nLele Pons | http://youtube.com/c/lelepons\nRudy Mancuso | http://youtube.com/c/rudymancuso\nShots Studios | http://youtube.com/c/shots\n\n#Rudy\n#RudyMancuso\n#Alesso\n#KingBach\n#Anwar,US
MTf2X6EHyLQ,18.25.06,I Tried a $700 Dyson Vacuum...,Austin Evans,28,Science & Technology,True,2018-03-06T15:01:40.000Z,"tech|""dyson""|""vacuum""|""vacuum cleaner""|""unboxing""|""review""|""dyson cyclone v10""|""dyson v10""|""dyson vacuum""|""cordless""|""v10""|""austin evans""",504000,14207,6948,3432,https://i.ytimg.com/vi/MTf2X6EHyLQ/default.jpg,False,False,False,Check out the Dyson Cyclone V10! https://goo.gl/NfWu7m\nAt $700 the Dyson V10 brings some serious tech to a vacuum cleaner.\nSubscribe! http://www.youtube.com/austinevans\nInstagram: http://instagram.com/austinnotduncan\nTwitter: http://twitter.com/austinnotduncan\nFacebook: https://www.facebook.com/austinnotduncan,US
Mo9Xw_EYDFo,18.15.06,GoPro: Record Rope Jump,GoPro,17,Sports,True,2018-01-03T17:00:03.000Z,"GoPro|""Hero4""|""Hero5""|""Hero Camera""|""HD Camera""|""stoked""|""rad""|""HD""|""best""|""go pro""|""cam""|""epic""|""hero4 session""|""Hero5 Session""|""session""|""action""|""beautiful""|""crazy""|""high definition""|""high def""|""be a hero""|""beahero""|""hero five""|""karma""|""gpro""|""record""|""record rope jump""|""static line jump""|""static line""|""static line record jump""|""static line rope jump""|""freefall""|""free fall""|""freefalling""|""free falling""|""attempt""|""1000ft""|""carlos munoz""",243998,4839,215,554,https://i.ytimg.com/vi/Mo9Xw_EYDFo/default.jpg,False,False,False,"Watch as Carlos Munoz attempts to set the world record for for a static line rope jump.  Freefalling over 1000ft.\n\nShot 100% on GoPro – https://goo.gl/Dh7sMG\n\nMounts used in this video – https://goo.gl/xXS52M\n\nComment below on your favorite part!\n\nGet stoked and subscribe: http://goo.gl/HgVXpQ\n\nMusic\n\nDexter Britain\nSeeing The Future\n\nFor more from GoPro, follow us:\nFacebook: https://www.facebook.com/gopro\nTwitter: https://twitter.com/gopro\nInstagram: https://instagram.com/gopro\nTumblr: http://gopro.tumblr.com/\nPinterest: http://www.pinterest.com/gopro   \nInside Line: https://gopro.com/news\nGoPro: https://gopro.com/channel/",US
oRArmtMA9AI,18.16.06,Marshmello - FLY (Official Music Video),Marshmello,10,Music,True,2018-03-09T05:01:14.000Z,"marshmello|""marshmello fly""|""fly""|""fly marshmello""|""i can fly""|""marshmello i can fly""|""i can fly marshmello""|""alone""|""friends""|""marshmello friends""|""keep it mello""|""marshmello summer""|""marshmello remix""|""marshmello hello""|""dance music""|""marshmello wolves""|""marshmello silence""|""march 2018""|""new edm""|""electronic music""|""sweet nothing remix""|""logic everyday""|""wolves""|""dance""|""lyrics""|""pop music""|""dance mix""|""edm""|""faded""|""Marshmello alone""|""spectre""|""маршмеллоу""|""youtube""|""Eu posso voar""|""vevo 2018""|""musique 2018""",9410655,322734,9357,37746,https://i.ytimg.com/vi/oRArmtMA9AI/default.jpg,False,False,False,"Marshmello - Fly (ft. Leah Culver) http://smarturl.it/mellofly\nWatch 'Fly' Vertical Video on Spotify! http://spoti.fi/2FnJ6sR\nMellogang, In celebration of reaching 11 Million Subscribers on YouTube, I wanted to do something special. This is for all of you who have been here from the beginning. Because of your love and support, I CAN FLY! Keep working hard, chase your dreams, and you'll fly too.\n\nGet your NEW Mello™️ by Marshmello gear HERE ▶ http://shop.marshmellomusic.com\n\nWatch Cooking with Marshmello HERE ▶ http://youtube.com/playlist?list=PLcYK4PlHbZQtXROf5fnrr4dO4ruWiv7ts\n\nWATCH FRIENDS MUSIC VIDEO ▶ https://youtu.be/jzD_yyEcp0M\nWATCH SPOTLIGHT MUSIC VIDEO ▶ https://youtu.be/7R1N-8SoqcM\nWATCH LOVE U MUSIC VIDEO ▶ https://youtu.be/D-pKeb6Wf4U\nWATCH TAKE IT BACK MUSIC VIDEO ▶ https://youtu.be/P9Ijqa_2eu0\nWATCH SILENCE MUSIC VIDEO ▶ https://youtu.be/Tx1sqYc3qas\nWATCH BLOCKS MUSIC VIDEO ▶ https://youtu.be/5E4ZBSInqUU\nWATCH YOU & ME MUSIC VIDEO ▶ https://youtu.be/fiusxyygqGk\nWATCH FIND ME MUSIC VIDEO ▶ https://youtu.be/ymq1WdGUcw8\nWATCH MOVING ON MUSIC VIDEO ▶ https://youtu.be/yU0tnrEk8H4\nWATCH SUMMER MUSIC VIDEO ▶ https://youtu.be/2vMH8lITTCE\nWATCH ALONE MUSIC VIDEO ▶ https://youtu.be/ALZHF5UqnU4\nWATCH KEEP IT MELLO MUSIC VIDEO ▶ https://youtu.be/_J_VpmXAzqg\n\nSUBSCRIBE HERE ▶ http://youtube.com/marshmellomusic?sub_confirmation=1\n\nMARSHMELLO: \nSpotify | http://spoti.fi/Marshmello\nSoundCloud | http://soundcloud.com/marshmellomusic\nInstagram | http://instagram.com/marshmellomusic\nTwitter | http://twitter.com/marshmellomusic\nFacebook | http://facebook.com/marshmellomusic\nMerch | http://shop.marshmellomusic.com/\n\nCredits:\nDirected by: Thomy Hoefer\nAnimated by : Steven Messing\n\nMarshmello - Fly (Official Music Video)\n#Marshmello",US
P7WRXaxu1u4,18.17.06,Kobe Bryant - Oscars 2018 - Best Animated Short - Full Backstage Speech,Variety,24,Entertainment,True,2018-03-05T03:14:54.000Z,"kobe bryant oscars|""kobe bryant oscars speech""|""kobe bryant oscars 2018""|""kob bryant oscar""|""kobe byant full speech""|""kobe bryant best animated short""|""oscars 2018""|""kobe bryant dear basketball""|""kobe bryant oscar""|""kobe bryant highlights""|""kobe bryant backstage""|""kobe bryant short""|""kobe bryant the office""|""oscars backstage""|""kobe bryant oscar speech""",366251,2493,418,1061,https://i.ytimg.com/vi/P7WRXaxu1u4/default.jpg,False,False,False,Kobe Bryant - Best Animated Short - Oscars 2018 - Full Backstage Speech,US
-m3L9lA5_tA,18.18.06,Letter from McKayala Maroney read to Larry Nassar in court,MLive,25,News & Politics,True,2018-01-18T17:58:47.000Z,"Larry Nassar|""MSU""|""gymnastics""|""USA gymnastics""|""sexual abuse""|""sexual assault""|""MSU gymnastics""|""doctor""|""Nassar""|""McKayala Maroney""|""olympic gold medalist""|""olympian""|""auth-jbissell-auth""",37190,51,3,8,https://i.ytimg.com/vi/-m3L9lA5_tA/default.jpg,False,False,False,"Assistant Attorney General Angela Povilaitis 
\n reads a letter written by Olympic gold medalist McKayala Maroney during the third day of Larry Nassar’s sentencing in Lansing, Mich. on Thursday, Jan. 18, 2018. (Joel Bissell | MLive.com)",US
BhIEIO0vaBE,18.19.06,To Our Daughter,Kylie Jenner,22,People & Blogs,True,2018-02-04T20:27:38.000Z,"Kylie Jenner|""Kylie""|""Travis Scott""|""Baby""|""Annoucement""",53183123,0,0,0,https://i.ytimg.com/vi/BhIEIO0vaBE/default.jpg,True,True,False,Directed by Tyler Ross @wttyler\nMusic by Jacob Wilkinson-Smith @mybestfriendjacob_,US
VPJ7BcVsOUU,18.20.06,The Best of Holiday Hair Accessories - KayleyMelissa,Kayley Melissa,26,Howto & Style,True,2017-12-05T03:00:01.000Z,"kayleymelissa|""kayley melissa""|""letsmakeitup1""|""kaley melissa""|""kaleymelissa""|""kayley""|""melissa""|""kayleymelisa""|""holiday""|""hair""|""accessories""|""hair accessories""|""haul""|""favorites""|""best of""|""party hair""|""glam""|""hairstyle""|""holiday hair accessories""|""headband""|""elastic""|""barette""",31200,2281,21,134,https://i.ytimg.com/vi/VPJ7BcVsOUU/default.jpg,False,False,False,"Here's a little list of the best of Holiday Hair Accessories. It's basically a haul of all my favorites for Christmas 2017!\n\nKeep your hair game strong, subscribe! →  http://bit.ly/2p3RSRk\n\nI hope you guys get some great inspo on what hair bits and bobs to pick up this year! \n\n---⟣What I Mentioned:⟢---\n-Christmas Decor: Target\n-Reindeer Headband: Asos\n-Kohls Lauren Conrad Hair Accessories\n-Chloe & Isabel's Jen Atkin Hair line\n\n\n---⟣Videos to mix up your Hair Routine!⟢---\n\n» 5 Easy Morning Hairstyles\nhttps://www.youtube.com/watch?v=QAwJHW6agkk\n\n» Hairstyles for Scarves & Winter Hats\nhttps://www.youtube.com/watch?v=ZYW2piyJafU\n\n» Margo Robbie Inspired Pigtails\nhttps://www.youtube.com/watch?v=G-ADZsOX4CE\n\n» 3 Days of Heatless Hairstyles (Clean to Dirty)\nhttps://www.youtube.com/watch?v=c2Z0eaGb2KM\n\n\n---⟣Follow and Chat with me at:⟢---\n\n❈ My Website: www.kayleymelissa.com\n❈ Instagram: KayleyMelissa\n❈ Pinterest: kayleymelissa\n❈ FB: @kayleymelissa\n❈ Twitter: @kayleymelissa\n❈ SnapChat: KayleyMelissa\n❈ For business inquiries: kayleymelissa@mattermediagroup.com \n\n---⟣Mailing Address:⟢---\n\nKayley Melissa\n530 S Lake Ave #531\nPasadena, CA 91101\n\n\nFTC: This Video is not sponsored.",US
KObL442PWhQ,18.21.06,Fish | Basics with Babish,Binging with Babish,24,Entertainment,True,2018-05-17T16:47:42.000Z,"basics with babish|""binging with babish""|""cooking with babish""|""babbish""|""fish""|""fish and chips""|""how to make fish and chips""|""fish and chips recipe""|""salmon""|""how to make salmon""|""salmon recipe""|""easy salmon recipe""|""good salmon recipe""|""best salmon recipe""|""basics with babish fish""|""fish basics with babish""|""babish fish""|""recipe""|""andrew rea""",1253169,35306,600,2560,https://i.ytimg.com/vi/KObL442PWhQ/default.jpg,False,False,False,"On this episode of Basics, we're taking a look at a few ways to simply prepare fish. Whether you're baking or frying, it's an economically and ecologically responsible way to make dinner tonight.Grocery List:Salmon filletsPanko bread crumbsThyme, choppedRosemary, mincedWhite fish (high quality like cod or haddock)Russet potatoesPeanut or vegetable oilKosher saltGround black pepperGrain mustardMayoAll purpose flourCornstarchPaprikaBaking powderMexican beer (or beer of your choice)Tartar sauce (optional)Special equipment:Stainless steel pot, deep enough for fryingThermometer for frying oilJoin me 5/24 on Twitch for the fish live cook-a-long:https://www.twitch.tv/bingingwithbabish/Music:Melt Broke for Freehttps://soundcloud.com/broke-for-freehttps://www.bingingwithbabish.com/podcast/My first cookbook, Eat What You Watch, is available now in stores and online!Amazon: http://a.co/bv3rGzrBarnes & Noble: http://bit.ly/2uf65LXTheme song: Stay Tuned by Wuh Ohhttps://open.spotify.com/track/5lbQ6nKPgzkfFigheb467zBinging With Babish Website: http://bit.ly/BingingBabishWebsiteBasics With Babish Website: http://bit.ly/BasicsWithBabishWebsitePatreon: http://bit.ly/BingingPatreonInstagram: http://bit.ly/BabishInstagramFacebook: http://bit.ly/BabishFacebookTwitter: http://bit.ly/BabishTwitterTwitch: http://bit.ly/BabishTwitch",US
9pXLSjDkcEE,18.22.06,L.A.’s Best Indian Food Is in This Gas Station,Great Big Story,19,Travel & Events,True,2018-01-08T07:00:00.000Z,"great big story|""gbs""|""lag""|""documentary""|""docs""|""Indian food""|""gas station""|""Indian""|""Roti""|""Paneer""|""The Bombay Frankie Company""|""Hiram Mac""|""samosa""|""Food & Drink""|""Travel & Adventure""",268248,7150,138,597,https://i.ytimg.com/vi/9pXLSjDkcEE/default.jpg,False,False,False,"The best things come from the most unexpected places. At least, that’s the case with the Bombay Frankie Company. They’re serving up some of the best Indian food in Los Angeles—all out of a gas station. Brother and sister Hiram and Priyanka grew up in California eating classic Indian cuisine. Now, they’ve launched the newest Indian food concept in California with their take on Mumbai’s street food classic, the frankie. Get ready to fill up your belly and your tank.\n\nSUBSCRIBE: https://goo.gl/vR6Acb\n\nThis story is a part of our Flavors series, where we do so much more than play with our food. Come with us as we dive into deliciously different and tastefully off-beat stories in the culinary world.\n\nGot a story idea for us? Shoot us an email at hey [at] GreatBigStory [dot] com\n\nFollow us behind the scenes on Instagram: http://goo.gl/2KABeX\nMake our acquaintance on Facebook: http://goo.gl/Vn0XIZ\nGive us a shout on Twitter: http://goo.gl/sY1GLY\nCome hang with us on Vimeo: http://goo.gl/T0OzjV\nVisit our world directly: http://www.greatbigstory.com",US
zcEE8J2Bqa8,18.23.06,The Goblin - JACK AND DEAN,Jack and Dean,23,Comedy,True,2018-05-11T18:27:01.000Z,"Jack and Dean|""OMFGItsJackAndDean""|""Jack Howard""|""Dean Dobbs""|""Fac-e-book""|""The Stairs""|""sketch""|""funny""|""skit""|""jackanddean""",173986,21108,145,1445,https://i.ytimg.com/vi/zcEE8J2Bqa8/default.jpg,False,False,False,"That? That's a goblin living under the stairs...A ColourTV ProductionExecutive Producer - Jay Pond-JonesDirected and Edited by Jack HowardWritten by and Starring Jack Howard & Dean DobbsCo-director - Matt HoltFeaturing David Elms, Lizzie Daykin, Bertie Gilbert & Savannah Brown Produced by Rebecca Hewett & Leah DrawsDirector of Photography - Ciaran O'Brien http://twitter.com/ciaranobrienCamera Operator - Ade GossFirst Assistant Camera - Rachael HutchingsCamera Trainee - Em CookeGaffer - Christine AlexanderArt Director (and pretty much everything else) - Reb Day https://twitter.com/reb_daySound Design by Dan Pugsley http://www.danpugsley.co.uk/Sound recordist - Will LoxleyCostume - Cecily MitchellMake Up by Diandra FerreiraRunner - Charlotte Gordon",US
-WedqN1iYbM,18.24.06,Justin Timberlake and Zane Lowe on Beats 1 [Part 2],Beats 1 Radio,10,Music,True,2018-02-01T18:37:29.000Z,"Justin Timberlake|""Zane Lowe""|""Beats 1""|""Apple Music""|""Man of the Woods""|""Super Bowl""",43083,580,16,56,https://i.ytimg.com/vi/-WedqN1iYbM/default.jpg,False,False,False,"Justin Timberlake's album 'Man of the Woods' is out Friday. He tells Zane Lowe about the project, the Super Bowl Halftime Show and family. Get the album here: http://apple.co/B1MOTW\n\nHear more on Apple Music. Cancel anytime: http://apple.co/Trial\nExplore Beats 1 for free: http://apple.co/B1\n\nAbout Beats 1:\nWorldwide. Always on. Listen for free on Apple Music or on demand with a subscription. \nFollow Beats 1 on Instagram: https://apple.co/B1Instagram\nFollow Beats 1 on Twitter : https://apple.co/B1Twitter\nLIKE Beats 1 on Facebook: https://apple.co/B1Facebook\nTumblr: https://apple.co/B1Tumblr\n\nAbout Apple Music:\nListen to over 45 million songs, online or off, totally ad-free. Plus create and share your own playlists, get exclusive content and personalized recommendations, and stream radio stations with unlimited skips. \nFollow Apple Music  on Instagram: http://apple.co/AMInstagram\nFollow Apple Music on Twitter: https://apple.co/AMTwitter\nLIKE Apple Music on Facebook: http://apple.co/AMFacebook\n\nJustin Timberlake and Zane Lowe on Beats 1 [Part 2]\nhttps://www.youtube.com/user/officialbeatsmusictv",US
dbMtuJ1tZnc,18.25.06,Karl Pilkington predicts Black Mirror (spoilers),matt,24,Entertainment,True,2018-01-01T01:05:59.000Z,"ricky gervais|""karl pilkington""|""black mirror""|""black museum""|""charlie brooker""|""prediction""|""ricky gervais show""|""clive warren""|""stephen merchant""|""steve merchant""",845497,16676,953,1383,https://i.ytimg.com/vi/dbMtuJ1tZnc/default.jpg,False,False,False,"After watching the finale of Black Mirror's 4th series, I couldn't help but notice that Karl Pilkington thought of these insane ideas first.\n\nCharlie Brooker must be a fan of the podcast.",US
HuWLoCF9rWQ,18.15.06,DISNEYLAND PROPOSAL?,LaurDIY,26,Howto & Style,True,2018-04-11T22:44:15.000Z,"DIY|""do it yourself""|""how to""|""laurDIY""|""lauren riihimaki""|""laurdiy vlog""|""laurdiy vlog channel""|""laurdiy disney vlog""|""disney""|""disneyland""|""disneyland proposal""|""proposal""|""laurex""|""laurex proposal""|""laurdiy boyfriend""|""laurdiy engaged""|""alex wassabi""|""alex wassabi girlfriend""|""wassabi productions""|""disney vlog""|""swoozie""|""vlog""|""vlog channel""|""daily vlog""|""weekly vlog""|""vlogger""",1215199,50342,2110,5575,https://i.ytimg.com/vi/HuWLoCF9rWQ/default.jpg,False,False,False,✂ click to join the #prettylittlelaurs fam!! http://bit.ly/2bIXkpJ\n✂ MERCH: https://shop.laurdiy.com\n\nHAPPY WEDNESDAY!!! + HAPPY WEEKLY VLOG DAY! ok but lowkey how do we feel about this???? cuz I'm still unsure LOL. Either way we had such a fun day and I'm so glad I was able to bring you along!! See u sunday for another #sunDIYYYYYYYYY!!!!\n♡ XO lauren \n\nEligible Bachelor #1: https://www.instagram.com/soopersogood/\nEligible Bachelor #2: https://www.instagram.com/johnpaulhoang/\nEligible Bachelor #3: https://www.instagram.com/swoozie/\nEligible Bachelor #4: https://www.instagram.com/jfwong/\n\n»»»»»»»»»»»»»»»»»»»»»»»»»»»»»»»»»»»»»»»»»»»»»»»»»»»»»»»»»»»»»»\n\nMORE LAUR! \n⟡ snapchat: laurdiy \n⟡ instagram: http://instagram.com/laurdiy\n⟡ twitter: https://twitter.com/#!/laurDIY\n⟡ like LaurDIY on facebook: http://www.facebook.com/laurdiy\n⟡ tumblr: http://likewolvesss.tumblr.com/\n\n$10 off Uber: LAURENR563 \n$10 off Postmates Delivery: QIRHB\n\n»»»»»»»»»»»»»»»»»»»»»»»»»»»»»»»»»»»»»»»»»»»»»»»»»»»»»»»»»»»»»»\n\n▲ last week's video ▼\nLAST WEEK's VLOG: \nLAST WEEK'S DIY:,US
-NcG4L0pwvE,18.16.06,TOP 5 MOST LONG WEARING PERFUMES + 5 THAT DONT LAST AT ALL!,KathleenLights,26,Howto & Style,True,2018-03-12T23:00:00.000Z,"klpolish|""long wearing""|""perfumes""|""that last""|""all day""|""all night""|""high end""|""sexy""|""scents""|""sweet""|""smell""|""beauty""|""guru""|""kathleenlights""",422918,19968,487,4757,https://i.ytimg.com/vi/-NcG4L0pwvE/default.jpg,False,False,False,"Hey, Guys! (WATCH IN HD)\nHere is a video where I go over my most long wearing perfumes & I also talk about the ones that DONT LAST AT ALL! I hope you guys enjoy! Thanks for watching! xoxo!\n\n\nPerfumes I Mentioned:\nAqualina Pink Sugar \nJimmy Choo by Jimmy Choo \nGucci II \nChanel Coco Mademoiselle  \nCerruti 1881 By Nino Cerruti \nTocca Giulietta Hair Fragrance \nStella McCartney Pop \nVersace Eros Por Femme \nJuicy Couture Viva La Juicy \nGucci Flora Gorgeous Gardenia \nYSL Black Opium \n\n\n\nWhat I'm Wearing:\nTop & Earrings: Forever 21\nNails: KL POLISH Das Esspensive XXVI\nBrows: Anastasia Brow Wiz in Dark Brown \nFace: ILIA True Skin Serum Foundation in Tavarua, L.A Girls Pro matte Foundation in Light Tan, Tarte Shape Tape Concealer in Light Neutral, Too Faced Chocolate Soleil Bronzer, Too Faced Natural Face Palette, Artist Couture x Jackie Aina La Peach Highlight \nEyes: Too Faced Natural Matte Palette, Bobbi Brown Rich Metal Eyeshadow in Heat Ray, Loreal Lash Paradise Mascara \nLips: Colourpop Ultra Satin Lip in Dreamy  \nhttp://bit.ly/kathleenlightsxcolourpop\n\n\n\n\nI CREATED MY OWN NAIL POLISH LINE!!!!!!!!!!!!!!!\nKL POLISH :) :)\nGET THEM HERE:\nhttps://www.klpolish.com\n\n\nSUBSCRIBE TO KLPOLISH!!\nyoutube.com/klpolish\n\n\nGET MY COLOURPOP COLLABS HERE\nhttp://bit.ly/KathleenLightsxColourPop\n\n\nI CREATED MY OWN LIQUID LIPSTICKS WITH A BRAND!\nMIAMI FEVER! GET IT HERE:\nhttp://www.ofracosmetics.com/products...\nHAVANA NIGHTS! GET IT HERE:\nhttp://www.ofracosmetics.com/products...\nUSE COUPON CODE: Kathleen30 TO GET 30% OFF!\n\n\n\n\nMAKEUPGEEK -My favorite affordable eyeshadows:\nhttp://www.makeupgeek.com/store?acc=6...\n\n\nGET 10% OFF ON MORPHE BRUSHES WITH MY COUPON CODE: Kathleenlights \nhttp://morphebrushes.com\n\n\n\n*If you are a business/company who would like to contact me about reviewing a product...please email me at kathleenlights@yahoo.com\n\nDon't forget to follow me on my social media sites!\nInstagram: Kathleenlights\nTwitter: Kathleenlights1\n\nAnd follow KLPolish while you are at it\nInstagram: KLPolish\nTwitter: KLPolish\nFacebook: KLPolish\n\n\n\n—FAQ:\n*What camera do you use?\nCanon 80D\n*What do you use to edit your videos?\nFinal Cut Pro\n*Where did you get your vanity?\nDanny actually built it for me\n\n\nFTC- This video is NOT sponsored.\n(MUG is an affiliate link - Morphe & Ofra codes are affiliate codes)",US
L9FBI1kOEHo,18.17.06,HomePod Unboxing!,iJustine,28,Science & Technology,True,2018-02-06T13:30:58.000Z,"HomePod Review|""HomePod features""|""HomePod""|""iJustine""|""ijustine""|""homepod""|""Apple HomePod""|""iTunes""|""Steve Jobs""|""WWDC""|""Keynote""|""Review""|""HomePod Unboxing""",941884,27956,3095,3643,https://i.ytimg.com/vi/L9FBI1kOEHo/default.jpg,False,False,False,First look and unboxing of the new Apple HomePod!\nWatch my features and review video next: https://youtu.be/14lRHY7IZss\n► SUBSCRIBE FOR MORE VIDEOS: http://www.youtube.com/subscription_center?add_user=ijustine\n🎶 MUSIC I USE - https://goo.gl/Pe7GTL \n\nBE MY FRIEND:\nhttp://instagram.com/ijustine\nhttp://facebook.com/ijustine\nhttp://twitter.com/ijustine\nSnapchat: iJustine\n\n► WHAT I USE TO MAKE VIDEOS: https://www.youtube.com/watch?v=YRCngWau2GE\n\n📷 CAMERAS:\nSony rx100 V - http://amzn.to/2jesbxA\nSony A7s ii - http://amzn.to/2ebLR16\nSony a6500 - http://amzn.to/2okeG2a\nSony rx0 - http://amzn.to/2yQA7wKq,US
WbgIREVg2JU,18.18.06,PHYSICIANS FORMULA BUTTER PALETTE | REVIEW + DEMO,KathleenLights,26,Howto & Style,True,2018-05-09T13:00:03.000Z,"klpolish|""physicians""|""formula""|""butter""|""palette""|""paradise""|""perfume""|""bronzer""|""blush""|""higlight""|""review""|""demo""|""application""|""drugstore""|""affordable""|""alamar""|""cosmetics""|""beauty""|""guru""|""kathleenlights""",528634,26029,761,2835,https://i.ytimg.com/vi/WbgIREVg2JU/default.jpg,False,False,False,"Hey, Guys! (WATCH IN HD!)Here is a video where I share my thoughts on the new BUTTER PALETTE by Physicians Formula! I hope you enjoy! Thanks for watching! xoxo!Products I Mentioned:Physicians Formula Butter Palette for Medium/ DeepPhysicians Formula Butter Paradise Eau De Toilette (This kit is 14.95)--Follow Alamar Cosmetics on IG (@AlamarCosmetics)What I'm Wearing:Top: Forever 21Earrings: Kate SpadeNails: Future KL Polish (I NEED 50 SHADES OF RED TYSM)Brows: Nyx Micro Brow Pencil in Brunette, Kat Von D Brow Struck Dimension Powder in Medium Brown Face: Physicians Formula The Healthy Foundation, Catrice Contour in Ashy Radiance, Physicians Formula Butter Collection PaletteEyes: Alamar Cosmetics Reina Del Caribe Vol.1 Palette, Em Cosmetics Black Eyeliner, Clinique High Impact Mascara  Lips: Colourpop Ultra Glossy Lip in Aquarius I CREATED MY OWN NAIL POLISH LINE!!!!!!!!!!!!!!!KL POLISH :) :)GET THEM HERE:https://www.klpolish.comSUBSCRIBE TO KLPOLISH!!youtube.com/klpolishGET MY COLOURPOP COLLABS HEREhttp://bit.ly/KathleenLightsxColourPopI CREATED MY OWN LIQUID LIPSTICKS WITH A BRAND!MIAMI FEVER! GET IT HERE:http://www.ofracosmetics.com/products...HAVANA NIGHTS! GET IT HERE:http://www.ofracosmetics.com/products...USE COUPON CODE: Kathleen30 TO GET 30% OFF!MAKEUPGEEK -My favorite affordable eyeshadows:http://www.makeupgeek.com/store?acc=6...GET 10% OFF ON MORPHE BRUSHES WITH MY COUPON CODE: Kathleenlights http://morphebrushes.com*If you are a business/company who would like to contact me about reviewing a product...please email me at kathleenlights@yahoo.comDon't forget to follow me on my social media sites!Instagram: KathleenlightsTwitter: Kathleenlights1And follow KLPolish while you are at itInstagram: KLPolishTwitter: KLPolishFacebook: KLPolish—FAQ:*What camera do you use?Canon 80D*What do you use to edit your videos?Final Cut Pro*Where did you get your vanity?Danny actually built it for meFTC- This video is NOT sponsored.(MUG is an affiliate link - Morphe & Ofra codes are affiliate codes)",US
rbQLd9Kj2VI,18.19.06,UFC 220: Official Weigh-in,UFC - Ultimate Fighting Championship,17,Sports,True,2018-01-19T23:31:46.000Z,"ufc|""mma""|""ufc 220""|""220""|""francis ngannou""|""stipe miocic""|""volkan oezdemir""|""daniel cormier""|""calvin kattar""|""shane burgos""|""gian villante""|""francimar barroso""|""thomas almeida""|""rob font""|""weigh-in""|""official weigh-in""|""ufc 220 weigh-in""|""weigh-ins""|""dana white""",662158,5036,290,1865,https://i.ytimg.com/vi/rbQLd9Kj2VI/default.jpg,False,False,False,"Watch the UFC 220 Official Weigh-in on Friday, January 19 at 6pm/3pm ETPT.\n\nSubscribe to get all the latest UFC content: http://bit.ly/2uJRzRR\n\nExperience UFC live with UFC FIGHT PASS, the digital subscription service of the UFC. To start your 7-day free trial, visit http://www.ufc.tv/packages\n\nTo order UFC Pay-Per-Views, visit http://www.ufc.tv/events \n\nConnect with UFC online and on Social:\nWebsite: http://www.ufc.com\nTwitter: http://www.twitter.com/ufc\nFacebook: http://www.facebook.com/ufc\nInstagram: http://www.instagram.com/ufc\nSnapchat: UFC\nPeriscope: http://Periscope.tv/ufc\n\nConnect with UFC FIGHT PASS on Social:\nTwitter: http://www.twitter.com/ufcfightpass\nFacebook: http://www.facebook.com/ufcfightpass\nInstagram: http://www.instagram.com/ufcfightpass",US
MNzBFgwkU0A,18.20.06,"Getting Delay, without using any effects...",Rob Scallon,10,Music,True,2018-02-26T14:01:34.000Z,"Rob Scallon|""delay""|""delay effect""|""acoustic""|""acoustically""|""without effects""|""Delay without effects""|""getting delay""|""delay pedal""|""challenge""|""music""|""song""|""song challenge""|""music challenge""|""getting delay without using any effects""|""getting delay without effects""|""guitar""|""guitar effects""|""guitar pedal""|""recording""|""live recording""|""live performance""|""recording music""|""acoustic guitar""|""acoustic guitar music""|""acoustic music""|""handball court""|""reverb""|""natural reverb""|""acoustic guitars""|""instrument""|""Scallon""",804100,52786,342,2734,https://i.ytimg.com/vi/MNzBFgwkU0A/default.jpg,False,False,False,"3 acoustic guitars, a handball court, and no effects allowed.\n\nMerch store: https://store.dftba.com/collections/rob-scallon\n\nPatreon: http://www.patreon.com/RobScallon\n\nAnchor Ep on Vinyl: https://store.dftba.com/products/anchor-ep-on-vinyl\niTunes: https://itunes.apple.com/us/album/anchor-ep-tour-edition/id1138064251\nAlso Spotify, Amazon, Google Play and really everywhere music usually is…\n\nFeaturing Jeff Linville,\nWho is in this band: https://youtu.be/9ReHh_q_rWw\n\nDave Dunsire: https://www.youtube.com/channel/UCmBKQP1JMEulQhi72wZ7keA\nhttps://www.instagram.com/dave.dunsire/\n\nVincent M Ippolito of Swift Road Studios\nhttps://www.facebook.com/jestermasque\nhttp://www.swiftroadrecording.com\n\nHere's a nice little jam we had while setting up: https://www.youtube.com/watch?v=yh4jfbAq7ak\n\nEvery outtake, why not?\nhttps://www.youtube.com/watch?v=k-4T4RFgo_Y\n\nRain Lesson video: https://www.youtube.com/watch?v=LvCtiRkAUG0\n\nVideo edit by Jake Jarvi: https://www.youtube.com/pineappleboyfilms/\n\nMuch thanks to the Lattof YMCA in Des Plaines, IL for letting us use one of their handball courts for this project.\nhttp://www.ymcachicago.org/lattof/\n\nThis video was made possible because of Patreon support from JackWoodman Piano, Donato Sinicco III, Christopher-Luke Miles, George Marshal, Ismael T Rodriguez, yukhei, Dirk Wouters, Navin Antoine, Brad Tucker, Jaz Maglana, Blayd Malburne, Andrew Johnston, Cody Melcher, Caleb Chalfin, Otto Cate, Nicolette Kawata, Haroon Rahman, Quintin Waldner, Hypergnome, Andy AKA VaultsOfExtoth, Rob Harper, Rahul Parsani, & many other awesome people on my Patreon page: http://www.patreon.com/RobScallon\nThank you so much!\n\nMusic videos go on the main. Everything and anything else is posted on my 2nd Channel: https://www.youtube.com/RobScallon2\n\nAlso...\nMerch: https://store.dftba.com/collections/rob-scallon\nFacebook: http://tinyurl.com/RSfanpage\nTwitter: http://tinyurl.com/twitter78\nInstagram: http://instagram.com/robscallon/\nTumblr: https://RobScallon.tumblr.com",US
SYVSeH6sYYU,18.21.06,NBA Meme Team - Top 5,NBA,17,Sports,True,2017-12-01T00:05:20.000Z,"nba|""basketball""|""starters""",76802,1837,38,85,https://i.ytimg.com/vi/SYVSeH6sYYU/default.jpg,False,False,False,It's The Starters' weekly hunt for memes - the hunt wasn't that difficult cause NBA memes are everywhere! Watch The Starters weekdays on NBATV and get more of the guys on their website: http://nba.com/thestarters,US
OL4LNg-iyY4,18.22.06,P!nk - Wild Hearts Can't Be Broken (Official Video),PinkVEVO,10,Music,True,2018-01-29T21:30:01.000Z,"P!nk|""Pop""|""RCA Records Label""|""Wild Hearts Can't Be Broken""",174097,24415,215,1283,https://i.ytimg.com/vi/OL4LNg-iyY4/default.jpg,False,False,False,Join P!NK in supporting UNICEF’s global mission by making a donation today: https://www.unicefusa.org/pink\n \nP!NK's new album 'Beautiful Trauma' featuring the singles “What About Us” and Beautiful Trauma is available now!\niTunes - http://smarturl.it/BeautifulTrauma/itunes?IQid=yt  \nApple Music - http://smarturl.it/BeautifulTrauma/applemusic?IQid=yt  \nSpotify - http://smarturl.it/BeautifulTrauma/spotify?IQid=yt  \nAmazon - http://smarturl.it/BeautifulTrauma/amazon?IQid=yt   \nGoogle Play - http://smarturl.it/BeautifulTrauma/googleplay?IQid=yt \n \nConnect with P!NK:\nhttp://www.facebook.com/pink \nhttp://www.twitter.com/pink \nhttp://www.instagram.com/pink \nhttp://www.pinkspage.com\n\nhttp://vevo.ly/B3MZxI,US
iatq3Rn4vsg,18.23.06,Holding a Baby for the First Time in Slow Motion - First Takes,Cut,24,Entertainment,True,2017-11-20T13:00:04.000Z,"baby|""first""|""funny""|""babies""|""laughing""|""cute""|""video""|""reaction""|""first time""|""hilarious""|""cut""|""watchcut""|""slow motion""|""slow motion video""",295200,8544,172,1032,https://i.ytimg.com/vi/iatq3Rn4vsg/default.jpg,False,False,False,"Stay updated by signing up to our email list @ bit.ly/ytJoinTheFamily \n\nGet Cut swag here: http://cut.com/shop\n\nDon’t forget to subscribe and follow us!\nYouTube: http://cut.com/youtube \nFacebook: http://cut.com/facebook \nInstagram: http://cut.com/instagram \nSnapchat: @watchcut\n\nProduced, directed, and edited by https://cut.com \n\nWant to work with us? http://cut.com/hiring \nWant to be in a video? http://cut.com/casting \nLove Cut? Fill out this form for exclusive updates: http://cut.com/fanform \n\nWant to sponsor a video? http://cut.com/sponsorships  \nFor licensing inquiries: http://cut.com/licensing",US
fyjt5zpNAeg,18.24.06,"Deep Bore Into Antarctica Finds Freezing Ice, Not Melting as Expected | National Geographic",National Geographic,25,News & Politics,True,2018-02-22T18:00:03.000Z,"national geographic|""nat geo""|""natgeo""|""animals""|""wildlife""|""science""|""explore""|""discover""|""survival""|""nature""|""documentary""|""ross ice shelf""|""antarctica""|""bore""|""freezing""|""PLivjPDlt6ApRfQqtRw7JkGCLvezGeMBB2""|""PLivjPDlt6ApRiBHpsyXWG22G8RPNZ6jlb""|""PLivjPDlt6ApS90YoAu-T8VIj6awyflIym""|""Freezing Ice""|""Melting""|""Deep Bore""|""hot-water drill""|""perpetually dark water""|""surprised""|""floating""|""ice shelf""|""global sea level""|""West Antarctic shelves""|""collapse""|""thick ice""|""Ross Ice""|""scientists""|""crystalizing""|""melting""|""New Zealand scientists""",582973,7289,472,1343,https://i.ytimg.com/vi/fyjt5zpNAeg/default.jpg,False,False,False,"At the Ross Ice Shelf in Antarctica, scientists used a hot-water drill hose to create a hole through the thick ice until they reached the perpetually dark water. What they found surprised them. Christina Hulbe/University of Otago/K061\n➡ Subscribe: http://bit.ly/NatGeoSubscribe\n\nAbout National Geographic:\nNational Geographic is the world's premium destination for science, exploration, and adventure. Through their world-class scientists, photographers, journalists, and filmmakers, Nat Geo gets you closer to the stories that matter and past the edge of what's possible.\n\nGet More National Geographic:\nOfficial Site: http://bit.ly/NatGeoOfficialSite\nFacebook: http://bit.ly/FBNatGeo\nTwitter: http://bit.ly/NatGeoTwitter\nInstagram: http://bit.ly/NatGeoInsta\n\nThis is the Ross Ice Shelf – the biggest floating ice shelf in Antarctica. Such shelves are important because they hold back a vast amount of ice. If all such West Antarctic shelves were to collapse and spill the ice into the ocean then global sea level would rise by 10 feet. Beneath the Ross Ice Shelf is one of the least explored bits of ocean on Earth. New Zealand scientists used a hot-water drill hose to create a hole through the thick ice until they reached the perpetually dark water. They hoped to study the health and history of the shelf. Their findings surprised them. They found that the ice in the hole itself and along the base of the shelf was crystalizing and freezing rather than melting. Measurements will be taken for the next few years, to see how the Ross Ice Shelf is changing over time.\n\nRead more in Deep Bore Into Antarctica Finds Freezing Ice, Not Melting as Expected\n\nhttps://news.nationalgeographic.com/2018/02/ross-ice-shelf-bore-antarctica-freezing/\n\nDeep Bore Into Antarctica Finds Freezing Ice, Not Melting as Expected | National Geographic\nhttps://youtu.be/fyjt5zpNAeg\n\nNational Geographic\nhttps://www.youtube.com/natgeo",US
T2uyIBURMjs,18.25.06,Sonic Mania Adventures - Sneak Peek,Sonic the Hedgehog,20,Gaming,True,2018-03-16T21:05:17.000Z,"sonic|""sonic the hedgehog""|""sonic mania adventures""",584941,26170,340,5566,https://i.ytimg.com/vi/T2uyIBURMjs/default.jpg,False,False,False,All-new animated Sonic shorts are coming to YouTube! Speed back into the world of Sonic Mania in this sneak peek at part of the first episode of Sonic Mania Adventures.,US
91Q0kddGWLc,18.15.06,Diet Coke Twisted Mango | Groove,Diet Coke,26,Howto & Style,True,2018-02-05T00:10:13.000Z,"diet coke|""super bowl""|""diet coke flavors""|""twisted mango""|""new diet coke""|""diet coke groove""|""diet coke twisted mango""|""mango coke""|""super bowl 2018""",483877,1603,4161,1061,https://i.ytimg.com/vi/91Q0kddGWLc/default.jpg,False,False,False,Mango made me do it.\n\nArtist: Sam Gellaitry\nSong: Long Distance,US
oeAEuiovVbg,18.16.06,Drop the Mic: Michael Bennett vs Vanessa Hudgens - FULL BATTLE | TBS,TBS,24,Entertainment,True,2017-11-28T20:30:42.000Z,"TBS|""TBS Network""|""Comedy""|""TBS Shows""|""Shows""|""TBS Funny""|""TBS New""|""New TBS""|""james corden""|""the late late show""|""drop the mic""|""hailey baldwin""|""method man""|""chrissy metz""|""nicole richie""|""anthony anderson""|""blackish""|""this is us""|""modern family""|""rascal flatts""|""baldwin""|""wu tang""|""wutang wu""|""tang""|""clan rap""|""101""|""vanessa hudgens""|""michael bennett""|""high school musical""|""zac efron""|""drop the mic vanessa""",1058032,21268,228,1256,https://i.ytimg.com/vi/oeAEuiovVbg/default.jpg,False,False,False,"Watch new episodes of Drop the Mic, Tuesdays at 10:30/9:30c! #DropTheMic\n\nSUBSCRIBE: http://bit.ly/TBSSub \nDownload the TBS App to Watch Full Episodes, Battles & Extras: http://bit.ly/1qBbkMW\n\nGet More Drop the Mic:\nFull Episodes: http://www.TBS.com/shows/  \nTwitter: https://twitter.com/DropTheMicTBS\nFacebook: https://www.facebook.com/dropthemicTBS/\nInstagram: https://www.instagram.com/dropthemictbs/\n\nGet more TBS:   \nYouTube: http://www.YouTube.com/TBS  \nTwitter: https://Twitter.com/TBSNetwork\nFacebook: http://Facebook.com/TBSNetwork  \nInstagram: https://Instagram.com/TBSNetwork  \n\nAbout Drop the Mic:\nTBS’s Drop the Mic, hosted by Method Man and Hailey Baldwin, is a comic battle rap competition series based on the popular segment from The Late Late Show with James Corden. Each week, stars from the worlds of entertainment, music, sports and pop culture will face off in a rap battle royale packed with “I can’t believe they just said that” moments. At the end of each head-to-head battle, the studio audience pick the winner.\n\nAbout TBS:  \nThe home of Angie Tribeca, Full Frontal with Samantha Bee, Conan, Wrecked, People of Earth, Search Party, The Detour, and American Dad.\n\nDrop the Mic: Michael Bennett vs Vanessa Hudgens - FULL BATTLE | TBS\nhttp://www.YouTube.com/user/TBS",US
aYnyMPc3LQ4,18.17.06,How to Make Life More Interesting,Jaiden Animations,1,Film & Animation,True,2018-01-21T18:15:56.000Z,"jaiden|""animations""|""jaidenanimation""|""jaidenanimations""|""how to make life more interesting""|""life tips""|""life advice""|""how to make life more interesting jaidenanimation""|""jaidenanimation life more interesting""|""how many apples are there""|""more than you think lol""|""babysitting kids""|""more tag stuff""",3187177,206188,3369,71152,https://i.ytimg.com/vi/aYnyMPc3LQ4/default.jpg,False,False,False,"it includes apples\n\nOther Animation Buds!\nPivots: https://www.youtube.com/user/ThePivotsXXD\nxJayStarzx: https://www.youtube.com/user/xJaystarzx\nDeadly Comics: https://www.youtube.com/user/deadlycomics1\nGingaNinjaOwO: https://www.youtube.com/channel/UCQSW4pCwnE1HJteVMF8C-7A\nSquizzy: https://www.youtube.com/channel/UCTosgQvaBFbzVkx7qzi1tNw\nChiibe: https://www.youtube.com/channel/UCr7AiaFMovmWaQN-QOIsAFg\n\nANIMATOR EMAIL:\nJaidenAnimationsAnimator@gmail.com\n*** I'll always try my best to get to all submissions, but there are never any promises :/ More details about the job will be explained if we both are interested in working with each other. Thanks :)\n------------------------------------------------------------------------------------\nSUBSCRIBE for more animations!\nhttps://www.youtube.com/c/jaidenanimations\n\nMERCH:\nhttp://tidd.ly/ddef0d00\n\nTWITTER:\nhttps://twitter.com/JaidenAnimation\n\nINSTAGRAM:\nhttps://instagram.com/jaiden_animations/\n\nDEVIANTART:\nhttp://jaidenanimations.deviantart.com/\n\nBehind the Scenes:\nhttps://www.patreon.com/jaidenanimations?ty=h\n\nWanna Send Fanart?\nYou can send it to me through Twitter or DeviantArt (links above), however if you cannot send it through those methods, then you can email it to me through the email below. DISCLAIMER!! There will not be any notification showing that I have seen your art through this method. I highly suggest using the other two :)\nfanartforjaiden@gmail.com\n------------------------------------------------------------------------------------\nMusic: Act Casual by ionics\n------------------------------------------------------------------------------------\n\n\n\nAnd this tells me you read the description, which means you respect what I have to say! Thank you :D Johnny Appleseed would be proud.",US
aEM2kOrrNJI,18.18.06,"Jennifer Lopez - Dinero ft. DJ Khaled, Cardi B",JenniferLopezVEVO,10,Music,True,2018-05-24T12:00:02.000Z,"jennifer lopez|""jlo""|""jennifer lopez live""|""jlo live""|""jlo full concert""|""amor amor amor""|""ni tu ni yo""|""ain't your mama""|""on the floor""|""love don't cost a thing""|""jenny from the block""|""christina milan""|""britney spears""|""hilary duff""|""kelly rowland""|""Dinero""|""Epic/Nuyorican Productions""|""Jennifer Lopez feat. DJ Khaled & Cardi B""|""Pop""",5842592,205825,17926,14514,https://i.ytimg.com/vi/aEM2kOrrNJI/default.jpg,False,False,False,"Dinero Available at: Spotify: http://smarturl.it/DineroJL/spotifyiTunes: http://smarturl.it/DineroJL/itunesApple Music: http://smarturl.it/DineroJL/applemusicAmazon: http://smarturl.it/DineroJL/azGoogle Play: http://smarturl.it/DineroJL/googleplay Follow JLO!Official Site: http://www.jenniferlopez.comFacebook: https://www.facebook.com/jenniferlopezInstagram: https://www.instagram.com/jloTwitter: https://twitter.com/jlo(C) 2018 Epic Records, a division of Sony Music Entertainment",US
elwTgpHlty0,18.19.06,[OFFICIAL VIDEO] HAVANA - PENTATONIX,PTXofficial,10,Music,True,2018-02-23T15:00:09.000Z,"Pentatonix|""Penatonix""|""PTX""|""PTXofficial""|""Mitch Grassi""|""Kirstie Maldonado""|""Scott Hoying""|""Avi Kaplan""|""Kevin""|""Olusola""|""K-O.""|""Cello""|""Cellobox""|""Beatbox""|""A Cappella""|""Harmony""|""Acapella""|""Acappela""|""Choir""|""Singing Competition""|""The Sing-Off""|""Sing-Off""|""Reality TV""|""Sing""|""Singing""|""Chorus""|""Sara Bareilles""|""Shawn Stockman""|""Ben Folds""|""Ben Folds 5""|""American Idol""|""X-Factor""|""The Voice""|""Voice""|""Pitch Perfect""",4907332,299090,7481,17242,https://i.ytimg.com/vi/elwTgpHlty0/default.jpg,False,False,False,BUY HAVANA:\niTunes - http://smarturl.it/PTXHVNA/itunes?IQid=yt  \nAmazon - http://smarturl.it/PTXHVNA/az?IQid=yt  \nGoogle Play - http://smarturl.it/PTXHVNA/googleplay?IQid=yt  \n\nSTREAM HAVANA:\nSpotify - http://smarturl.it/PTXHVNA/spotify?IQid=yt  \nApple Music - http://smarturl.it/PTXHVNA/applemusic?IQid=yt  \nDeezer - http://smarturl.it/PTXHVNA/deezer?IQid=yt  \n\nPTX ON TOUR - DATES COMING #SOON\nhttp://ptxofficial.com/tour\n \nJoin our Patreon Fan Page!! http://www.patreon.com/pentatonix\n \nBUY PENTATONIX THE ALBUM\nhttp://smarturl.it/PTXalbum?IQid=yt \n \nBUY PTX VOL. 4 - CLASSICS EP\nhttp://smarturl.it/PTXVol4iT?IQid=yt \n \nBUY PTX VOL III \nhttp://smarturl.it/PTXVol3?IQId=yt \n \nBUY PTX VOL II \nhttp://smarturl.it/PTXVolume2?IQid=yt\n \nBUY PTX VOL I \nhttp://smarturl.it/PTXVol1?IQid=yt \n \nBUY A PENTATONIX CHRISTMAS (DELUXE)\nhttp://smarturl.it/APTXmasDlxD?IQid=yt\n \nBUY THAT'S CHRISTMAS TO ME (DELUXE)\nhttp://smarturl.it/TCTMDlxiT?IQid=yt \n \nBUY PTXMAS \nhttp://smarturl.it/PTXmas?IQId=yt \n \nSTREAM PENTATONIX THE ALBUM\nhttp://smarturl.it/PTXalbumS?IQid=yt \n \nSTREAM PTX VOL. 4 - CLASSICS EP\nhttp://smarturl.it/StreamPTXVol4?IQid=yt \n \nSTREAM PTX VOL III\nhttp://smarturl.it/PTXVol3Spot?IQid=yt\n \nSTREAM PTX VOL II \nhttp://smarturl.it/PTXV2Spotify?IQid=yt\n \nSTREAM PTX VOL I\nhttp://smarturl.it/PTXV1Spotify?IQid=yt \n \nSTREAM A PENTATONIX CHRISTMAS (DELUXE)\nhttp://smarturl.it/APTXmasDlxD/spotify?IQid=yt\n \nSTREAM THAT'S CHRISTMAS TO ME (DELUXE)\nhttp://smarturl.it/TCTMDlxS?IQid=yt \n \nSTREAM PTXMAS \nhttp://smarturl.it/PTXmas1Sp?IQid=yt \n \nON MY WAY HOME\nTHE DOCUMENTARY | AVAILABLE NOW!\nITUNES: http://smarturl.it/PTXOMWHi?IQid=yt\nAMAZON: http://smarturl.it/PTXOMWHDVD?IQid=yt \n \nhttp://www.ptxofficial.com\nhttp://www.twitter.com/ptxofficial       @ptxofficial\nhttp://www.facebook.com/Pentatonix\nhttp://www.instagram.com/ptxofficial      @ptxofficial\nhttp://www.snapchat.com/add/PTXsnap,US
9o2FXVhjLyY,18.20.06,70's Ads: After Eight Chocolate Mints,PhakeNam,24,Entertainment,True,2014-08-01T20:52:45.000Z,"Chocolate (Food)|""Mint Chocolate (Food)""|""After Eight (Food)""",156394,2455,191,734,https://i.ytimg.com/vi/9o2FXVhjLyY/default.jpg,False,False,False,70's Ads: After Eight Chocolate Mints,US
tlILlcCE8Sc,18.21.06,"The Chainsmokers, Drew Love - Somebody (Official Video)",ChainsmokersVEVO,10,Music,True,2018-04-20T14:00:04.000Z,"Dance|""Disruptor Records/Columbia""|""Somebody""|""The Chainsmokers & Drew Love""",11432489,304370,5268,8724,https://i.ytimg.com/vi/tlILlcCE8Sc/default.jpg,False,False,False,The Chainsmokers - Somebody ft. Drew Love Somebody ft. Drew Love Out Now: http://smarturl.it/TCSsomebodyIllustrations by Molly CrabappleDirected by Jim Batt & Kim BoekbinderA Sharp As Knives ProductionFollow The Chainsmokers: http://www.youtube.com/thechainsmokers http://www.twitter.com/thechainsmokers http://www.facebook.com/thechainsmokers http://www.instagram.com/thechainsmokers http://www.soundcloud.com/thechainsmokersFollow Drew Love: https://www.instagram.com/trapbobbybrown/https://twitter.com/trapbobbybrownhttps://www.facebook.com/unofficialTHEY/https://twitter.com/unofficialtheyhttps://www.instagram.com/they/,US
eFjFxgHedgM,18.22.06,Tommy Wiseau’s Joker Audition Tape (Nerdist Presents),Nerdist,24,Entertainment,True,2018-03-12T15:00:05.000Z,"Nerdist|""Fvid""|""nerdist presents""|""tommy wiseau""|""the joker""|""batman""|""the disaster artist""|""the room""|""greg sustero""|""audition""|""comedy""|""the dark knight""",3464384,54442,4355,8262,https://i.ytimg.com/vi/eFjFxgHedgM/default.jpg,False,False,False,"After his success in The Room and the The Disaster Artist, Tommy Wiseau has been publicly campaigning for one of the most iconic roles in the history of film: Batman's eternal nemesis, The Joker. As huge fans, we at Nerdist give him a chance to show the world what he can bring to this legendary role!\n\nThe Disaster Artist is on Blu-ray and DVD March 13.\n\nMore on this video: http://bit.ly/WiseauSerious\nSubscribe for more Nerdist Presents: http://nerdi.st/subscribe\nCheck out more Nerdist Presents: http://nerdi.st/NerdistPresents\n\nFollow Us:\nVisit https://www.nerdist.com\nFacebook: https://facebook.com/nerdist\nTwitter https://twitter.com/Nerdist\nInstagram https://instagram.com/nerdist/\n\nCAST:\nTommy Wiseau as Joker\nGreg Sestero as Batman\nPeter Gilroy as Not Batman\n \n \nCREW:\nDirected by Andrew Bowser\nProduced by Jason Nguyen\nEdited by Adam Scherer\n \nGraphic Design by Caleb Drewel\n \nAssociate Producer Erik Kozura\nDirector of Photography Connor Heck\n1st AC Sean Goode\nProduction Sound Jon Odate\nWardrobe Stylist Cherokee Neas\nHMU Artist Fernanda Machado\nKey Set PA Zac York\n \nShot at McNulty Nielsen",US
EQqIiTk2fy4,18.23.06,Alisha Marie's Birthday Vlog!!,AlishaMarieVlogs,22,People & Blogs,True,2018-04-12T16:52:17.000Z,"Alisha Marie|""AlishaMarieVlogs""|""birthday vlog""|""birthday""|""vlog""|""surprise""|""presents""|""bday""|""special""|""2018""|""party""",944427,51523,785,9622,https://i.ytimg.com/vi/EQqIiTk2fy4/default.jpg,False,False,False,Ahh it's my BIRTHDAY!!! Hope you guys like seeing what I did on my birthday! Thank you SO much for everything and how much you guys have changed my life..I'm forever grateful! xo -Alisha Marie\nTwitter: @AlishaMarie + Instagram: @Alisha\nSnapchat: LidaLu11\nChloe's Instagram: @itsmechloemae\n\nSubscribe to my Main Channel:::\nhttp://www.youtube.com/user/macbby11\n\nmacbby11@yahoo.com,US
RHUxyXZBXY8,18.24.06,Migos - Stir Fry (Audio),MigosVEVO,10,Music,True,2017-12-20T11:00:01.000Z,"Migos|""Stir Fry""|""StirFry""|""Stir""|""Fry""|""Culture 2""|""Pharrell""|""Pharrell Williams""",2371222,69405,2472,5682,https://i.ytimg.com/vi/RHUxyXZBXY8/default.jpg,False,False,False,"Listen to Stir Fry (produced by Pharrell Williams): https://Migos.lnk.to/StirFry\nMigos is featured on Quality Control's Control The Streets Vol. 1. Listen here: https://QualityControl.lnk.to/CTSVol1YD\n\nPurchase Migos merch featured in the video from their official store: https://Migos.lnk.to/StoreYD\n\nCulture 2 COMING SOON\n\nFollow Migos:\nhttps://facebook.com/THEMigosAtl\nhttps://twitter.com/migos\nhttps://instagram.com/migos\n\nMusic video by Migos performing Stir Fry. (C) 2017 Quality Control Music, LLC and UMG Recordings, Inc.\n\nhttp://vevo.ly/Vo1byi",US
zUDcGDK_bRw,18.25.06,Black Cat Predicts Super Bowl 2018 WINNERS!,Cat Man Chris,15,Pets & Animals,True,2018-02-03T19:09:26.000Z,"Cole and Marmalade|""Cats""|""Cat Videos""|""Super Bowl""|""Super Bowl 2018""|""Predict super bowl winner""|""New England Patriots""|""Philadelphia Eagles""|""American Football""|""Cat Psychic""|""black cats good luck""|""black cats bad luck""|""win""|""bet""|""winners""|""losers""|""big game""|""sunday football""",742502,13489,1481,3653,https://i.ytimg.com/vi/zUDcGDK_bRw/default.jpg,False,False,False,"Subscribe: http://bit.ly/SubToCatManChris\nWho will WIN Super Bowl 2018? The New England Patriots or the Philadelphia Eagles? … Cole the Black Cat predicts the winner! :)\n\n🐱 Find me here...\n• https://www.facebook.com/CatManChrisPoole/\n• https://www.instagram.com/catmanchrispoole\n\n👕 Buy Our Merch: https://shop.coleandmarmalade.com\n• Shop our Amazon Store: https://www.amazon.com/shop/coleandmarmalade\n\nHave a question? Contact me at: coleandmarmalade@gmail.com \nAffiliate Links may be present above.\n\nAbout Me: Cat Dad to celebricats Cole & Marmalade and former videographer at Big Cat Rescue in Tampa FL… follow me for daily clips, vlogs, cat rescue work, BIG cat videos and more!\n\nMusic - Box full of toys - Epidemic Music",US
IU-Fo-QEpOI,18.15.06,Dude Perfect Face Off | What's In The Box,Whistle Sports,17,Sports,True,2017-12-20T23:00:00.000Z,"dude perfect|""dude perfect christmas""|""dude perfect christmas stereotypes""|""dude perfect faceoff""|""dude perfect trick shots""|""dude perfect bad joke telling""|""dude perfect battle""|""dude perfect world record""|""dude perfect twins""|""dude perfect dollar shave club""|""whats in the box""|""whats in the box challenge""|""whats in the box dude perfect""|""whistle sports""|""the whistle""",2900199,39846,1034,2406,https://i.ytimg.com/vi/IU-Fo-QEpOI/default.jpg,False,False,False,"This Twin Battle is sponsored by Dollar Shave Club. http://www.dollarshaveclub.com/dudeperfect\n\nCoby and Cory celebrate the holidays with a What's In The Box Challenge!\n\nThanks to our sponsor Dollar Shave Club, new members get their 1st month of the Starter Set including the Executive Razor and trial-sized versions of their Shave Butter, Body Cleanser and One Wipe Charlies’ Butt Wipes for ONLY $5 with FREE shipping. After that razors are just a few bucks a month. Exclusively at:  http://www.dollarshaveclub.com/dudeperfect\n\nSubscribe to Dude Perfect: http://bit.ly/2h3xywZ\n\nMORE Dude Perfect: http://bit.ly/2jbazAd\n\nSUBSCRIBE to Whistle Sports and check back to see more awesome sports videos in 2017! - http://goo.gl/y2JNsG\n\nStill want more Whistle Sports? Follow us on:\n\nFACEBOOK: http://facebook.com/whistlesports\nINSTAGRAM: http://instagram.com/whistlesports\nTWITTER: https://twitter.com/whistlesports\nSNAPCHAT: whistlesports\n\nWHAT IS WHISTLE SPORTS?\n\nWhistle Sports brings you the realest and most unexpected sports content led by our network of unbelievable creators. Visit us at http://whistlesports.com/ and COMMENT below with what you want to see next!",US
7cmzAjwmc5k,18.16.06,Kesha Performs Praying at 2018 Grammys,ET Canada,24,Entertainment,True,2018-01-29T03:53:05.000Z,"entertainment|""news""|""et canada""|""kesha""|""praying""|""grammys""|""grammy awards""|""cyndi lauper""|""camila cabello""|""andra day""|""bebe rexha""|""julia michaels""|""time's up""",976652,5400,1660,1428,https://i.ytimg.com/vi/7cmzAjwmc5k/default.jpg,False,False,False,"In a powerful performance, Kesha performs her Grammy-nominated hit Praying with Camila Cabello, Cyndi Lauper, Bebe Rexha, Andra Day, and Julia Michaels.\n\nSUBSCRIBE to our channel:\n\nhttps://www.youtube.com/user/ETCanadaOfficial\n\nFOLLOW us here:\n\nhttp://www.etcanada.com\n\nFacebook: https://www.facebook.com/etcanada\n\nTwitter: http://www.twitter.com/etcanada\n\nInstagram: http://www.instagram.com/etcanada\n\nSnapchat: https://www.snapchat.com/add/etcanada",US
HIwirSk4RjE,18.17.06,Thank You So Much.,Guava Juice,24,Entertainment,True,2018-05-20T18:58:24.000Z,"guava juice|""guava juice youtube""|""youtube guava juice""|""roi""|""challenges""|""tutorials""|""funny""|""comedy""|""comedian""|""guava""|""juice""|""roi wassabi""|""kid friendly""|""family friendly""|""10000000""|""10 million subscribers""|""10 million""|""wassabi productions""|""wassabi guava collab""|""collab""|""journey""|""fans""|""surprise""|""montage""|""guava juice rewind""|""thank you""|""official video""|""diamond""|""diamond play button""",1242266,92216,2557,31636,https://i.ytimg.com/vi/HIwirSk4RjE/default.jpg,False,False,False,"This is surreal. 10,000,000 subscribers! I honestly would have never thought I would reach this moment when I started the channel! You guys have been nothing but supportive and amazing! I am forever thankful and honored to be an inspiration to millions! This will always have a huge part in my heart! Guava Juicers for lifeSubscribe and become a GUAV! ➽ http://bit.ly/GUAVAJUICEDownload TUB TAPPER for Free! ➽ http://bit.ly/tubtapperGet a Guava Juice Box ➽ https://goo.gl/0dTjI7Merchandise ➽ http://crowdmade.com/guavajuiceDownload the Stay Juicy album  ➽ https://itunes.apple.com/us/album/stay-juicy/1335287379Want a shoutout? ➽ http://https://www.bookcameo.com/guavajuiceWatch some of these AWESOME playlists!----------------------------------------------------------------Do Not Do This! ➽ https://youtube.com/watch?v=jO19XxEXmmQ&list=PLg8oaaTdoHzMxpqfzRHzxC-qf9Ej60dBK&index=1Fun Experiments! ➽ https://youtube.com/watch?v=_3BY6iOVyEE&index=1&list=PLg8oaaTdoHzPwBKFOjf5JSlvsloSJAC-SBath Tub Challenges! ➽ https://youtube.com/watch?v=dIR-a2__vBU&index=1&list=PLg8oaaTdoHzNfQc-PFaKBVTe_-1f1NUeuYour Favorite Videos! ➽ https://youtube.com/watch?v=_3BY6iOVyEE&list=PLg8oaaTdoHzO9kk-v-DYwYECfiWwHNm0v&index=1Follow me on the Social Media!----------------------------------------------------------------Twitter ➽ http://twitter.com/GuavaJuiceInstagram ➽  http://instagram.com/GuavaRoiFacebook ➽ http://facebook.com/GuavaRoiSnapchat ➽  WhereIsRoiBecome a true Guava Juice fan!----------------------------------------------------------------Wanna help do my captions?  ➽ http://bit.ly/2pDaiIVSend me some FAN ART! ➽  http://bit.ly/GuavaFB╘[◉﹃◉]╕ ╘[◉﹃◉]╕╘[◉﹃◉]╕What's up YouTube! Welcome to Guava Juice! I post a video every day at 12PM PST! You may know me as Roi Wassabi from Wassabi Productions.On here, you'll find INSANE challenges, filling up my BATH TUB with random things, COOL experiments, SILLY DIY, and random shenanigans that you'll love! I also have played games from Roblox and Happy Wheels, Horror Games, and random games you've never heard of. You'll also find Subscribe and become a GUAV! You won't be disappointed! ( ́ ◕◞ε◟◕`)Thanks for reading the end of this description!#stayjuicy #guavajuice",US
D_CZ8v9uZJY,18.18.06,FULL FACE OF MAKEUP IM THROWING OUT 2018,Laura Lee,26,Howto & Style,True,2018-05-02T19:19:15.000Z,"Laura88Lee|""full face""|""full face using products i hate""|""products i hate""|""makeup i hate""|""full face of makeup i hate""|""full face of makeup""|""makeup tutorial""|""makeup challenge""|""full face using makeup i hate""|""makeup im throwing out""|""full face makeup""|""get ready with me""|""full face of makeup i'm throwing out""|""using products i hate""|""products i hate makeup tutorial""|""make up""|""full face using makeup products i hate""|""full face of products im throwing out""|""full face using""",1179451,56241,1175,101591,https://i.ytimg.com/vi/D_CZ8v9uZJY/default.jpg,False,False,False,"Hey Larlees, todays video is on makeup I am throwing out, this makeup has just been sitting on my draws not getting any love so I figured I would pass it along to someone who could get more use out of it. Thanks you all so much for watching loves!. - LauraNUDIE PATOOTIE PALETTE AVAILABLE NOW: http://bit.ly/2Kgzy1tgiveaway winners: kiarawalker_SimplysethhLeasa_ISaima_nayen_Ashley.gowdyHennasharee *** D I S C O U N T  - C O D E S ***___* my vanity: http://bit.ly/29z6ZNxuse code LAURALEE for $$ off!!* Morphe Brushes USE CODE LauraLee for 10% off!http://morphebrushes.com* Jouer cosmetics - code: LAURALEE for 15% off! https://www.jouercosmetics.com* Ofra Cosmetics use code LAURALEE for 30% off!! http://bit.ly/2bm3dGb* POSTMATES! code LAURALEE will give $100 in delivery credit to your  NEW postmates account http://bit.ly/2jwzJ07SOCIAL MEDIA:INSTAGRAM:  LarlarleeSNAPCHAT: Laura88leeTWITTER: LAURA88LEEmusical.ly - Laura88lee***My Camera Equipment***New Camera: http://amzn.to/2iKeRMHOld Camera (great for starters)- http://amzn.to/2t2X88cCamera Lens - http://amzn.to/2t3i66HLights - http://amzn.to/2u1mxmN",US
SPD1v_8RQUY,18.19.06,Getting Recognized at Disneyland,itsAlexClark,1,Film & Animation,True,2018-02-07T22:18:00.000Z,"its alex clark|""itsalexclark""|""alex clark""|""itsalexclark youtube""|""youtube itsalexclark""|""itsalexclark channel""|""animation""|""animation channel""|""animated""|""animated videos""|""alex clark youtube""|""youtube alex clark""|""alex clark channel""|""alex clark vlogs""|""clark cartoons""|""vlogtoons""|""disney land""|""disneyland""|""disneyland vlog""|""disneyland cartoon""|""vlog at disneyland""|""cartoon disneyland""|""disney""|""disney vlog""|""disney cartoon""|""animated vlog""|""animations""|""animated vlogs""|""vlogs""|""cartoons""|""cartoon""",566206,18202,403,3488,https://i.ytimg.com/vi/SPD1v_8RQUY/default.jpg,False,False,False,"I love running into fans, especially at Disneyland.\nComment on an Instagram post if you came from this video! https://instagram.com/itsalexclark/\nWatch more Vlogtoons: https://youtube.com/watch?v=mv-n7ugY3IM&list=PLmh1WGagp73JufhLsTywLta0Sc_NGRRVN&index=2\nSubscribe: http://bit.ly/SubAlexClark | Get ItsAlexClark merch: http://itsalexclark.bigcartel.com/ \n\nSupport our animations: https://Patreon.com/itsalexclark\nChat with me on Discord: https://discord.gg/M2myh3D\n\nFollow ItsAlexClark!\nFacebook: https://facebook.com/itsalexclark/?ref=br_rs\nInstagram: https://instagram.com/itsalexclark/\nTwitter: https://twitter.com/itsalexclark\nOfficial Website: http://itsalexclark.com/\n\nWhat I make these videos with:\nXP-PEN 22 HD: https://goo.gl/5Tkofa\nGreat Starter Tablet: https://goo.gl/cPPpzQ\nFinal Cut Pro X: http://go.magik.ly/ml/7cvu/\nGet these Cheap lights: https://goo.gl/74tza7 \nAnd attach them to this: https://goo.gl/Qp8aef\nToon Boom Harmony: https://store.toonboom.com/students\n\nMost of our music comes from Epidemic (30-Day Free Trial): http://bit.ly/itsalexmusic\n\nWatch More ItsAlexClark:\nLatest Uploads: https://youtube.com/watch?v=YIiBGDBN-Po&list=PLmh1WGagp73Jbndkw6nCz2JCm73jEp8gh\nFirst Time Here? https://youtube.com/watch?v=b7XSTtW5wbY&list=PLmh1WGagp73IXbNZaYEuey50feHxGi2JX Stories: https://youtube.com/watch?v=e_Bg0aC3ddY&list=PLmh1WGagp73KARHH4x2O4g6xHlMZ4o9A4\nDum Dum’s Guide: https://youtube.com/watch?v=5DtzMqc387Q&list=PLmh1WGagp73IAwvQko9rH_EmTJJV6WLHw \nPopular Videos: https://youtube.com/watch?v=b7XSTtW5wbY&list=PLmh1WGagp73Ixe2OMw5LxG_-OMk3k62E2\n\nAnimated By a Team of rabbid monkeys trained by Alex + Chris Taniguchi + Francis Dauphin.\nChris's channel: http://bit.ly/tanimayto\n\nWritten by:\nAlex Clark\n\nMail me packages and stuff: \nAlex Clark\nP.O. Box 192022\nLA, CA 90019\n\nEmail: sayhello (at) itsalexclark (dot) com\n\nWelcome to the coolest place on the internet, where you will find vlogs and stories both animated and in live action. I'm a comedian and cartoonist but I would give it all up if I could get paid to eat ice cream. Videos are always on Wednesdays and Saturdays sometimes more sometimes less.",US
Xpv-sEKl1B4,18.20.06,"Why You Should Wake Up at 4:30 AM Every Day, According To A Navy SEAL",Business Insider,26,Howto & Style,True,2018-05-13T20:00:02.000Z,"Business Insider|""Business News""|""scheduling""|""bed time""|""way of the warrior kid""|""jocko willink""|""navy seals""|""army schedule""|""army""|""military schedule""|""waking up early""|""early morning""|""success how i did it""|""success podcast""",3688037,73439,3284,8957,https://i.ytimg.com/vi/Xpv-sEKl1B4/default.jpg,False,False,False,"With a busy schedule, Jocko Willink finds time to get everything done by waking up before everyone else does. Willink, former Navy SEAL and author of Way of the Warrior Kid explains the one habit from service that he can't shake.For the full interview, search for Success! How I Did It on Apple Podcasts or your favorite app. https://itunes.apple.com/us/podcast/success-how-i-did-it/id1205997729?mt=2 Business Insider tells you all you need to know about business, finance, tech, science, retail, and more.Subscribe to our channel and visit us at: http://www.businessinsider.com/BI on Facebook: https://www.facebook.com/businessinsider/BI on Instagram: https://www.instagram.com/businessinsider/BI on Twitter: https://twitter.com/businessinsider--------------------------------------------------Following is a transcript of the video:Richard Feloni: Are there some things from your service that you can't shake? So for example, you still wake up at 4:30 in the morning, to go workout, what was it about your time in the Seals, that you wanted to keep these habits up?Jocko Willink: They're good habits, why would you not wake up at 4:30?Richard Feloni: Well what does this bring to you?Jocko Willink: Waking up early? You just get a jump on the day. The reason I wake up at 4:30 in the morning is because no one else is awake yet, so that gives me the opportunity to do things that I need to get done, kinda selfishly for myself, and the big one in that category is working out. And it doesn't feel good at 4:30 when you get up, but by the time 7 o'clock rolls around, and you've already worked out, and you've already got some work done, and you've got some time to say goodbye to your kids before they go to school? It's infinitely better than sleeping in until 6:45, and you get out of bed, and now you've missed your kids going to school, or whatever. You're not prepared for the day, it's awful.Feloni: So if someone, maybe they don't have time to work out or they just need something that could be like a quick fix, is there something that you recommend?Willink: Oh yeah, workouts don't have to take a long time. Workouts can be very quick. Matter of fact, go do two minutes of burpees, as many burpees as you can, in two minutes, or four minutes, or six minutes, go and sprint, go and do anything very intensely, for a short period of time and you'll get great benefit out of it.Feloni: Something I'm sure you hear a lot is 4:30, like this either just can't fit into my schedule, or if I'm gonna be realistic, I'm probably not gonna wake up at 4:30, what do you tell people who say that?Willink: Yeah, and there's people that work night shifts, and there's people that it's unhealthy for them, they can't fall as-- it's like no, be healthy, get enough sleep, but, first of all, wake up at the same time every day and, if you pick that time and you start waking up at the same time every day, that's very good for you. It doesn't have to be 4:30, it could be 6:30, it could be 7, I don't know what your personal schedule is, but find out a time, pick it, set it, stick to it, and maintain that schedule, and that's gonna end up better for you.I recommend it's earlier. I recommend that you go to bed earlier, 'cause what are you doing at night, most of the time? Most of the time at night, you're not working on anything super productive, you're just winding down and watching stupid YouTube videos, or surfing the internet, reading clickbait stories, right? Don't do that, instead, go to sleep, and then wake up early.Feloni: Could you explain that notion of discipline equals freedom?Willink: If you want more freedom in your life, you have to have more discipline. If you don't have any discipline, you'll end up with absolutely no freedom, you'll end up being a slave to other people that boss you around. There's all kind of problems that can occur, if you don't have discipline in your life. And the more discipline you have, the more freedom you're gonna have.Feloni: So just the discipline of the Seals, will never-- it's impossible to leave?Willink: No, it's possible to leave, there's retired seals all over the place that are undisciplined. They've moved on, and they don't care about that anymore. It's fine, I don't judge other people on what they're doin', like they're probably stoked to sleep in and hang out with their kids, and eat breakfast in bed, that's fine. I don't have anything against that. But for me? I wanna get up and go.",US
OTEIbWy8AvY,18.21.06,Interstellar Travel with Wendover and Neil Tyson,StarTalk,28,Science & Technology,True,2018-03-27T14:30:03.000Z,"neil degrasse tyson|""sam denby""|""wendover productions""|""half as interesting""|""chuck nice""|""startalk""|""startalk radio""|""interstellar""|""interstellar travel""|""spacex""|""time travel""|""live forever""|""imortality""|""imortal""|""science""|""podcast""|""innovation""|""economics""|""logistics""",236942,8239,172,1316,https://i.ytimg.com/vi/OTEIbWy8AvY/default.jpg,False,False,False,"Neil deGrasse Tyson and Chuck Nice discuss interstellar travel, with special guest Sam Denby from Wendover Productions. To learn more, check out https://brilliant.org/StarTalk where you'll find courses on interstellar travel and worlds beyond our own.\n\n**********************************\nNeil also appears in the newest video from Wendover Productions, check it out: https://youtu.be/hiRBQxHrxNw\n\nGet 20% off Brilliant: https://brilliant.org/StarTalk/\n***********************************\n\nCatch up with StarTalk around the web:\niTunes - http://bit.ly/SOHDg6\nSoundCloud - https://soundcloud.com/startalk\nStitcher - http://www.stitcher.com/podcast/startalk\nTuneIn - http://tunein.com/radio/StarTalk-Radi...\nGoogle Play Music - https://play.google.com/music/m/I6lcz...\nTwitter - https://twitter.com/StarTalkRadio\nFacebook - http://www.facebook.com/StarTalkRadio\nGoogle+ - https://plus.google.com/+startalkradio\nSnapchat - https://www.snapchat.com/add/startalk...\nPinterest - http://pinterest.com/startalk/\nTumblr - http://startalkradio.tumblr.com/\nInstagram - http://instagram.com/startalkradio\nThe List App - https://li.st/startalkradio\n\nFor more exclusive content, subscribe to StarTalkAllAccess.com\n\nIf you love StarTalk, don't miss out on any news. Sign up for our free newsletter: http://www.startalkradio.net/newsletter\n\n***********************************\nHosts\nNeil deGrasse Tyson, Chuck Nice\n\nDirector\nDave Wiskus\n\nWriters\nPJ Scott-Blankenship, Blake Farrow\n\nAnimation Director  \nBård Edlund\n\nAnimator\nDavid Powell\n\nEditor \nEric Schneider\n\nSound Designer\nJay Pellizzi\n\nProducers\nAmanda McLoughlin, Ben Ratner\n\nStarTalk Radio \nExecutive Producers\nNeil deGrasse Tyson, Helen Matsos\nProducers\nLaura Berland, Jeffrey Lee Simons, Lindsey N. Walker, Johnny Bontemps\n\nBrilliant.org Producers \nCalvin Lin, Josh Silverman",US
AFbu21AGSho,18.22.06,Watch a Hercules Beetle Metamorphose Before Your Eyes | Nat Geo Wild,Nat Geo WILD,15,Pets & Animals,True,2018-05-22T12:00:00.000Z,"nat geo wild|""national geographic""|""wild""|""wildlife""|""animals""|""nat geo""|""natgeo""|""science""|""discover""|""nature""|""documentary""|""hercules beetle""|""metamorphosis""|""insect""|""pupal chamber""|""transformation""|""PLNxd9fYeqXeamV13ttpA4RMGDY3tkKWbe""|""PLNxd9fYeqXeYQaV1z9-tWQXJBeq_s8hX9""|""Watch a Hercules Beetle""|""Beetle Metamorphose""|""Hercules""|""Before Your Eyes""|""Watch this beetle""|""larvae to giant""|""largest flying insects""|""flying insects in the world""|""Hercules Beetle Metamorphose""|""flying insects""",912852,15611,560,1844,https://i.ytimg.com/vi/AFbu21AGSho/default.jpg,False,False,False,"Watch this beetle go from larvae to giant. The Hercules beetle is one of the largest flying insects in the world. ➡ Subscribe: http://bit.ly/NatGeoWILDSubscribeAbout Nat Geo Wild:Welcome to a place so wild, anything can happen. Nat Geo Wild is the network all about animals from National Geographic, where every story is an adventure and your imagination is allowed to run wild.Get More Nat Geo Wild: Official Site: http://bit.ly/NatGeoWILDFacebook: http://bit.ly/NGWFacebookTwitter: http://bit.ly/NGWTwitterInstagram: http://bit.ly/NGWInstagramAs grubs they are impressively large. As beetle expert Brett Ratcliffe puts it, they “are basically the size of a Polish sausage.” Hercules beetles also go through metamorphosis, like a butterfly. Except, a butterfly spins a cocoon out of silk. The beetle builds a pupal chamber out of its own feces and, in it, transforms. As an adult, male Hercules beetles can stretch up to seven inches long including their horns.Watch a Hercules Beetle Metamorphose Before Your Eyes | Nat Geo Wildhttps://youtu.be/AFbu21AGShoNat Geo Wild https://www.youtube.com/user/NatGeoWild",US
b191evqWAwE,18.23.06,Game Rewind: Watch Loyola Chicago advance to their first Final Four since 1963 in 9 minutes,NCAA March Madness,17,Sports,True,2018-03-25T00:51:00.000Z,"Loyola (IL) Ramblers|""Kansas State Wildcats""|""Kansas State Wildcats vs. Loyola (IL) Ramblers""|""2018 NCAA Men's Division I Basketball Tournament (Sports League Championship Event)""|""march madness""|""college basketball""|""college hoops""|""ncaa basketball""|""ncaa""",271503,1866,83,384,https://i.ytimg.com/vi/b191evqWAwE/default.jpg,False,False,False,"Loyola Chicago is headed to their first Final Four since 1963!  Watch how the Ramblers took down Kansas State in the Elite 8 in 9 minutes.\n\nWatch highlights, game recaps, and much more from the 2018 NCAA Division I Men’s Basketball Tournament on the official NCAA March Madness YouTube channel. Subscribe now to be updated on the latest videos: https://www.youtube.com/marchmadness\n\nConnect with March Madness:\nFollow March Madness on Twitter: https://twitter.com/marchmadness\nLike March Madness on Facebook: https://www.facebook.com/NCAAMarchMadness\nFollow March Madness on Instagram: https://instagram.com/marchmadness\nFollow March Madness on Snapchat: https://www.snapchat.com/add/marchmadness",US
CvkOWb1U-LI,18.24.06,Why Are Progress Bars Wrong So Often?,Techquickie,28,Science & Technology,True,2018-03-02T19:10:34.000Z,"progress|""bar""|""estimate""|""time""|""windows""|""inaccurate""|""wrong""|""inconsistent""|""file""|""transfer""|""copy""|""paste""|""install""|""program""|""microsoft""|""drive""|""disk""|""usage""|""slow""|""percent""|""stuck""|""frozen""|""freezes""",282309,12547,526,788,https://i.ytimg.com/vi/CvkOWb1U-LI/default.jpg,False,False,False,"Why do progress bars you see when installing a program or copying a file seem to be inaccurate so often?\n\nSquarespace link: Visit http://squarespace.com/techquickie and use offer code TECHQUICKIE to save 10% off your first order.\n \nTechquickie Merch Store: https://www.designbyhumans.com/shop/LinusTechTips/\n \nTechquickie Movie Poster: https://shop.crowdmade.com/collections/linustechtips/products/tech-quickie-24x36-poster\n \nFollow: http://twitter.com/linustech\n \nLeave a reply with your requests for future episodes, or tweet them here: http://twitter.com/jmart604\n\nJoin the community: http://linustechtips.com\n\nIntro Theme: Showdown by F.O.O.L from Monstercat - Best of 2016\nVideo Link: https://www.youtube.com/watch?v=pm36k08jQ0M&t=2422s\niTunes Download Link: https://itunes.apple.com/us/album/monstercat-best-of-2016/id1185092812\nListen on Spotify: https://open.spotify.com/album/5Zt1P3ZbnfErBkiqcfBTCN",US
q260bjSiyq0,18.25.06,The Floppotron: Toto - Africa,Paweł Zadrożniak,10,Music,True,2018-01-20T19:43:44.000Z,"toto|""80s""|""rock classics""|""floppy music""|""arduino""|""avr""|""programming""|""hold the line""",322502,15436,141,956,https://i.ytimg.com/vi/q260bjSiyq0/default.jpg,False,False,False,Toto - Africa cover by computer hardware orchestra. Which song would you like to hear next? Like it? Share it!  https://www.facebook.com/floppotron/   \nMore info on how it works: http://silent.org.pl/home/ .,US
pMpQABKlC-I,18.15.06,How To Speak Internet 101 (ft. Will Smith),IISuperwomanII,23,Comedy,True,2017-12-23T21:57:30.000Z,"iisuperwomanii|""superwoman""|""team super""|""comedy""|""skit""|""rant""|""lilly singh""|""youtube superwoman""|""manjeet""|""paramjeet""|""parents""|""types of people""|""superwoman youtube""|""will""|""will smith""|""will smith bright""|""will smith netflix""|""will smith new film netflix""|""will smith film netflix""|""lilly singh will smith""|""will smith lilly singh""|""lilly singh 12 collabs""|""lilly singh will smith 12 collabs""|""superwoman will smith""|""superwoman will smith collab""|""how to speak internet 101""|""how to speak""|""will smith how to""",3691632,226845,9606,21947,https://i.ytimg.com/vi/pMpQABKlC-I/default.jpg,False,False,False,"Are you struggling to understand what people on the Internet are saying? Can’t connect with your kids? Do you google slang words? Welcome to Internet 101 where I teach people like Will Smith how to speak the language.\nSubscribe: http://bit.ly/SubLillySingh | MERCH: https://lillysingh.com\n\nWritten By: Lilly Singh\nFt: Will Smith\n\nFollow Will ✨\nYoutube: https://youtube.com/willsmith\nInstagram: https://goo.gl/8mBb1K\nFacebook: https://goo.gl/yzifAY\nWebsite: http://willsmith.com\n\nWatch his new film, Bright on Netflix ✨\nhttps://www.netflix.com/title/80119234\n\nIf you want to add translations, click the gear icon and go to Subtitles/CC then to Add subtitles or CC!\n \nFollow Paramjeet:\nInstagram: https://instagram.com/iiparamjeetii/\nTwitter: https://twitter.com/iiparamjeetii/\n \nFollow Manjeet:\nInstagram: https://instagram.com/iimanjeetii/\nTwitter: https://twitter.com/iimanjeetii/\n \nGet HOW TO BE A BAWSE: https://lillysinghbook.com\n \nFollow Lilly Singh:\nFacebook: https://facebook.com/IISuperwomanII/\nInstagram: https://instagram.com/iisuperwomanii/\nTwitter: https://twitter.com/iisuperwomanii\nLilly Singh Vlogs: https://youtube.com/user/SuperwomanVlogs\nOfficial Website: http://lillysingh.com/\n \nWatch More Lilly Singh:\nTypes Of People: https://youtube.com/watch?v=eR_nzGqYXNw&list=PLuBXqtS2jaLMu81JnF6AOnRHzG6Csbd6y\nMy Parents: https://youtube.com/watch?v=EPHMXbZml_s&list=PLuBXqtS2jaLOGQynSYvxaqUgvNl7Ovz8x\nSkits: https://youtube.com/watch?v=jyxi0rfEDnE&list=PLuBXqtS2jaLMhu9PU0tAaHbnqloWibwl0\nThe Super Rants: https://youtube.com/watch?v=KYadw8gNOok&list=PLuBXqtS2jaLPopv899QwFphiirmD_XWdq\nLatest Uploads: https://youtube.com/user/IISuperwomanII/videos?view=0&sort=dd&shelf_id=2\n\nA Special Thank You To All My AMAZING Actors! \n\nPeggy Glenn - Character: Gabbie\nCesar Zamora - Character: Paulo\nCole Carter - Character: Stanley\nKatherine Foley - Character: Fan Girl\nBrittany Habermehl - Character: Fan Girl\nAmaris G - Character: Fan Girl\n \nThanks for watching and don't forget to keep smiling. You're worth it! xoxo",US
O4_JNAFClFk,18.16.06,NASA Launches InSight to Mars (part 1),NASA Jet Propulsion Laboratory,28,Science & Technology,True,2018-05-05T12:44:41.000Z,"NASA|""Jet Propulsion Laboratory""|""JPL""|""space""|""nasajpl""|""solar system""|""live""|""mars""|""launch""|""rocket""|""atlasv""|""nasatv""|""television""|""broadcast""|""liftoff""|""insight""|""spacecraft""|""marco""",248524,2424,186,730,https://i.ytimg.com/vi/O4_JNAFClFk/default.jpg,False,False,False,"InSight, the first planetary mission to take off from the West Coast, lifted off at 4:05 a.m. PDT (7:05 a.m. EDT, 1105 UTC) from Space Launch Complex-3 at Vandenberg Air Force Base in California aboard a United Launch Alliance (ULA) Atlas V rocket. This is a  NASA TV broadcast recording showing launch. More info: https://mars.nasa.gov/insight",US
Hgiu9cqph5Y,18.17.06,A Japanese Take on American Sushi,JunsKitchen,26,Howto & Style,True,2018-04-16T11:01:57.000Z,"cook|""cat""|""Jun""|""Rachel""|""Japanese""|""food""|""patreon""|""American""|""sushi""|""usa""|""japan""|""juns kitchen""|""cuisine""|""knife""|""cooking""|""kitchen""|""junskitchen""|""日本""|""料理""|""作ってみた""|""猫""|""ねこ""|""ぬこ""|""英語""|""海外""|""ジュン""|""日本人""|""アメリカ""|""外国""|""英会話""|""yt:cc=on""|""寿司""|""すし""|""鮨""|""スシ""|""roll""|""巻き""|""ロール""",2576471,124891,2754,10976,https://i.ytimg.com/vi/Hgiu9cqph5Y/default.jpg,False,False,False,Thank you all so much for watching!  \n\nMy Patreon: https://www.patreon.com/JunsKitchen\n\n►EQUIPMENT I use on my channel that you can buy online (Amazon affiliates links) \n\n―Knife―\nChef Knife: Sekimagoroku Gyuto  (http://amzn.to/1OkxnYt)\nChef & Utility Knife: Zwilling twin fin (http://amzn.to/1OkzyLF)\n\n―Sharpening Stone―\nKING Japanese Sharpening Stone 1000/6000 (http://amzn.to/2uokk32)\n\n―Camera―\nPanasonic GH5 (http://amzn.to/2uomMqi)\nLens: LUMIX G LEICA (http://amzn.to/2eEYzbk)\n\n►Main Channel: https://www.youtube.com/RachelandJun\n►Instagram (インスタ): https://www.instagram.com/junskitchen/\n\n►Music by Epidemic Sound (https://goo.gl/wiYvVq),US
FITSPSA8gQs,18.18.06,Camila Cabello - Never Be the Same (Audio),CamilaCabelloVEVO,10,Music,True,2017-12-07T13:00:01.000Z,"camila cabello|""never be the same""|""camila""|""camilizers""|""fifth harmony""|""harmonizers""|""havana""|""crying in the club""|""omg""|""i have questions""|""know no better""|""5h""|""all these years""|""she loves control""|""havana feat. young thug""|""young thug""|""inside out""|""consequences""|""real friends""|""something's gotta give""|""in the dark""|""into it""|""Camila Cabello""|""Never Be the Same""|""Pop""|""Syco Music/Epic""",6062169,363560,4935,27732,https://i.ytimg.com/vi/FITSPSA8gQs/default.jpg,False,False,False,"Never Be The Same \n \nAvailable at Spotify: http://smarturl.it/Camila_PreSave\nApple Music: http://smarturl.it/Camila_AM\niTunes: http://smarturl.it/Camila_iTunes\nAmazon: http://smarturl.it/Camila_Dig\nGoogle Play: http://smarturl.it/Camila_GP\n \nFind Camila Here: \nTwitter: @camila_cabello\nIG: @camila_cabello \nFacebook: @97camilacabello \nWebsite: www.camilacabello.com \n \n#NeverBeTheSame\n#Camila\n#CamilaCabello \n#CamilaTheAlbum \n \n(C) 2017 Simco Ltd. under exclusive license to Epic Records, a division of Sony Music Entertainment \nCategory: Music License: Standard YouTube License",US
8pffcngJJq0,18.19.06,Relay attack Solihull,West Midlands Police,25,News & Politics,True,2017-11-26T10:13:26.000Z,"west midlands police|""police""",505104,378,115,0,https://i.ytimg.com/vi/8pffcngJJq0/default.jpg,True,False,False,Visit our website for more information at http://www.west-midlands.police.uk/\n\nIf you have any information please phone West Midlands Police on 101 or call the charity Crimestoppers anonymously on 0800 555 111.,US
0bSE-rh7jFg,18.20.06,When the girl you're wrestling has a tough little brother  - 979280,RM Videos,23,Comedy,True,2017-12-12T20:57:30.000Z,"Viral|""Video""|""Epic""",817094,854,31,139,https://i.ytimg.com/vi/0bSE-rh7jFg/default.jpg,False,False,False,Jukin Media Verified (Original) * For licensing / permission to use: Contact - licensing(at)jukinmediadotcom\nSubmit your videos here: http://bit.ly/2iFnUya,US
dbMtuJ1tZnc,18.21.06,Karl Pilkington predicts Black Mirror (spoilers),matt,24,Entertainment,True,2018-01-01T01:05:59.000Z,"ricky gervais|""karl pilkington""|""black mirror""|""black museum""|""charlie brooker""|""prediction""|""ricky gervais show""|""clive warren""|""stephen merchant""|""steve merchant""",666665,12417,890,1245,https://i.ytimg.com/vi/dbMtuJ1tZnc/default.jpg,False,False,False,"After watching the finale of Black Mirror's 4th series, I couldn't help but notice that Karl Pilkington thought of these insane ideas first.\n\nCharlie Brooker must be a fan of the podcast.",US
bS_Zr-Hu4Mw,18.22.06,Blonde to Black Hair with Grav3yardgirl,Guy Tang,26,Howto & Style,True,2018-01-01T19:47:17.000Z,"Guy Tang|""Grav3yardgirl""|""Mydentity""|""Haircolor""|""Hair Color""|""Hair Colorist""|""Hair Stylist""|""Hair""|""Joey Graceffa""|""Jenna Marbles""|""YouTuber""|""YouTubers""|""Hair Specialist""|""Tutorial""|""Hair Tutorial""|""Step by Step""|""DIY""|""Do It Yourself""|""Ombre""|""Balayage""|""Bleach Hair""|""Bleaching Hair""|""Blonde Hair""|""Gabby Hanna""|""TRL""|""Houston""|""Texas""|""Smoothies""|""Coloring""|""Hair Salon""|""Hair style""|""Walmart""",1012514,28334,1308,1792,https://i.ytimg.com/vi/bS_Zr-Hu4Mw/default.jpg,False,False,False,"I went to Houston, TX to do Bunny (Grav3yardgirl)'s hair. I went with #Mydentifier Tiffuanaglam and we added more blonde and black chuncks color on her hair. Do you like Bunny's hair shorter?\n\nWatch Bunny's video: \nhttps://youtu.be/fXPB1e19AV0\n\nhttps://www.youtube.com/watch?v=GWU_Yc2NeZs&t=700s\n\nhttps://www.youtube.com/watch?v=5Z9MgzcxjZM&t=1386s\n\nFollow Grav3yardgirl:\nInstagram: http://bit.ly/1wdGBwS  \nTwitter: http://twitter.com/grav3yardgirl\nFacebook: http://bit.ly/2ktztLn\n\nFollow Tiffuana:\nInstagram: https://www.instagram.com/tiffjuanaglam/\n\nFTC Disclosure: http://guytanghair.blogspot.com/2017/12/FTCDisclosureOlaplex.html\n\nGuy Tang #Mydentity Lighteners and Colors now available  http://www.mydentitycolor.com\n\nUSA/Canada: CosmoProf and Armstrong McCall \n\nFrance - Bleu Libellule\nhttps://www.bleulibellule.com/pack-gu...\n\nQuebec, Canada - Concept JP\nhttps://conceptjp.com/produits/produi...\n\nPoland - A&M Premium Distribution http://mydentity.pl\nhttps://www.facebook.com/GuyTangMyden...\n\nUnited Kingdom - Salon Success/Salon Services\nhttp://www.salon-success.co.uk/our-br...\n\nSweden/Denmark - Baldacci\nhttp://baldacci.se/brands/mydentity/\n\nAustralia/New Zealand - HairCare Australia\nhttp://haircareaust.com/blog/2017/09/...\n\nItaly: OP Cosmeticshttps://www.opcosmetics.com/mydentity...\n\nUnited Kingdom: Salon Services and Salon Success\nhttp://www.salon-services.com/brands/...\n\nSoon in more continents and countries next year!!!\n\nFollow your No.1 #Hairbestie Guy Tang:\nYouTube: https://www.youtube.com/GuyTangHair\nInstagram: http://instagram.com/guy_tang\nFacebook: https://www.facebook.com/GuyTangHairA... \nTwitter: https://twitter.com/Guy_Tang\nSnapchat: @guy_tang\n\nFollow Guy Tang #Mydentity Social:\nInstagram: https://www.instagram.com/guytang_myd...\nFacebook: https://www.facebook.com/GuyTangMyden...\n\n#MydentityColorbyGuyTang",US
UOHURuAf5iY,18.23.06,Questions about Concrete Answered - The Basics,Practical Engineering,27,Education,True,2018-03-27T11:00:04.000Z,"concrete|""cement""|""reinforced concrete""|""civil engineering""|""mixing concrete""|""hydraulic press""|""concrete strength""|""compressive strength""",227784,13027,113,1499,https://i.ytimg.com/vi/UOHURuAf5iY/default.jpg,False,False,False,"What's the difference between concrete and cement? \n\nSupport for this video comes from Brilliant: https://brilliant.org/PracticalEngineering/\n\nConcrete is the most important construction material on earth and foundation of our modern society. At first glance it seems rudimentary, but there is a tremendous amount of complexity involved in every part of designing and placing concrete. This video is meant to be a bare-bones introduction to the topic, with a cool demonstration of concrete strength using a hydraulic press.\n\n-Patreon: http://patreon.com/PracticalEngineering\n-Website: http://practical.engineering\n\nMarxist Arrow by Twin Musicom is licensed under a Creative Commons Attribution License\nSource: https://www.youtube.com/watch?v=rBlLC8TUXP0\n\nTonic and Energy by Elexive is licensed under a Creative Commons Attribution License\nSource: https://www.youtube.com/watch?v=U6fBPdu8w9U",US
2in8XqiElwc,18.24.06,Nicki Minaj - Chun-Li (Live on SNL / 2018),NickiMinajAtVEVO,10,Music,True,2018-05-20T07:53:59.000Z,"Nicki Minaj new music|""Nicki Minaj Queen""|""Nicki Minaj new album""|""Nicki Minaj TV performance""|""Nicki Minaj Live""|""Nicki Minaj Chun-li""|""Chun-li""|""SNL performances""|""SNL live performances""",4670928,184818,9181,18490,https://i.ytimg.com/vi/2in8XqiElwc/default.jpg,False,False,False,"Chun-Li (Live on SNL / 2018)Song Available Here: https://nickiminaj.lnk.to/clYD Connect with Nickihttps://www.mypinkfriday.com  https://www.instagram.com/nickiminaj  https://twitter.com/nickiminaj  https://facebook.com/nickiminaj Filmed May 19th, 2018Studio 8H Rockefeller Center In New York, NY Music video by Nicki Minaj performing Chun-Li. © 2018 Young Money/Cash Money Recordshttp://vevo.ly/kJQb4l",US
CVPp5FtQN8E,18.25.06,Disney Princess Hand Pies,Pies Are Awesome,26,Howto & Style,True,2017-11-30T00:54:50.000Z,"Pie|""disney princess pies""|""disney princess cake""|""disney princess desserts""|""disney princess party""|""hand pies""|""pies are awesome""|""pie art""",1776,17,0,5,https://i.ytimg.com/vi/CVPp5FtQN8E/default.jpg,False,False,False,"This holiday season, consider serving up your pie in a slightly more magical form... Disney Princess style!  Check out this new type of hand pie I developed in this tutorial vid, and visit me on Instagram.com/ThePieous to see even more pie-oneering goodness to inspire you!\n\nCheers,\nJessica",US
hHFuZVGpBC0,18.15.06,Crushing and Slicing Red Hot Steel with Hydraulic Press,Hydraulic Press Channel,28,Science & Technology,True,2018-03-17T14:55:04.000Z,"Hydraulic press channel|""hydraulicpresschannel""|""hydraulic press""|""hydraulicpress""|""crush""|""willitcrush""|""destroy""|""press""|""hydraulicpress channel""|""hydraulic""|""hydraulic press man""|""will it crush""|""beyond the press""|""red hot nickel ball""|""RHNB""|""red hot""|""red hot steel""|""red hot vs. ice""|""vs. ice""|""vs.""|""ice""|""life hack""|""hack""|""hydraulic press channel""|""winter""|""Finland""|""lauri""|""anni""|""slicer 5 000 000""|""EXPERIMENT""|""Extreme""|""amazing""",591674,10770,417,1113,https://i.ytimg.com/vi/hHFuZVGpBC0/default.jpg,False,False,False,Battle of YouTube Titans Red Hot Steel Vs. Hydraulic press!\nLink to Red hot steel vs. snowman video https://youtu.be/tjCyPuT4WJ4\nAnd How to use our press video https://youtu.be/28B8aogXGoo\nOur second channel https://www.youtube.com/channel/UCveB47lgzZJ1WOf4XYVJNBw\nOur fan shop https://www.printmotor.com/hydraulicpresschannel/\nhttps://www.facebook.com/officialhpc/ https://www.instagram.com/hydraulicpresschannel\n\nDo not try this at home!! or at any where else!!\n\nMusic Thor's Hammer-Ethan Meixell,US
LnA7Au-DLUM,18.16.06,Meat Expert Guesses Cheap vs Expensive Deli Meats | Price Points | Epicurious,Epicurious,26,Howto & Style,True,2018-03-15T19:46:58.000Z,"cheap|""expensive""|""meat""|""taste test""|""cheap vs expensive""|""cheap vs expensive food""|""meats""|""deli meats""|""cheap deli meat""|""cheap meat""|""expensive deli meat""|""expensive meat""|""best deli meat""|""mortadella""|""eli cairo""|""meat expert""|""deli meat expert""|""price points""|""cheap meat vs expensive meat""|""deli meat challenge""|""how deli meat is made""|""making deli meat""|""deli meat how it's made""|""italian deli meats""|""how its made deli meats""|""epicurious""|""cooking""|""recipes""",1745551,24903,1197,2663,https://i.ytimg.com/vi/LnA7Au-DLUM/default.jpg,False,False,False,"Epicurious challenged meat expert Elias Cairo of Olympia Provisions to guess which one of two deli meats was more expensive. Cairo breaks down cuts of salami, ham, bologna, mortadella, hot dogs, sausages, prosciutto, . For each round of deli meats, Cairo visually scans, smells, and taste tests each meat before guessing which deli meat costs more. Once the prices were revealed, Cairo explains why a specific deli meat costs more and dives into specifics on what to look for in a deli meat.\n\nStill haven’t subscribed to Epicurious on YouTube? ►► http://bit.ly/epiyoutubesub
\n
\nABOUT EPICURIOUS
\nBrowse thousands of recipes and videos from Bon Appétit, Gourmet, and more. Find inventive cooking ideas, ingredients, and restaurant menus from the world’s largest food archive.\n\nMeat Expert Guesses Cheap vs Expensive Deli Meats | Price Points | Epicurious",US
flLc6LmAG6c,18.17.06,HONNE - Location Unknown ◐ (feat. Georgia),H O N N E,10,Music,True,2018-05-25T15:01:20.000Z,"HONNE|""Location Unknown""|""Georgia""|""306""|""Me & You""|""me and you""|""tom misch""|""I just wanna Go Back""|""Day 1""|""Sometimes""|""Love Me Love Me Not""|""Warm On A Cold Night""",512846,13597,155,402,https://i.ytimg.com/vi/flLc6LmAG6c/default.jpg,False,False,False,Download or stream at: https://atlanti.cr/LU-306Get tickets to our ‘Love Me / Love Me Not’ World Tour: http://hellohonne.com/#liveArt Direction & Animation by @tomcottonThis is our new track Location Unknown ◐ feat. Georgia - out now on Tatemae Recordings.http://hellohonne.comhttp://instagram.com/hellohonnehttp://twitter.com/hellohonnehttp://facebook.com/hellohonnehttp://youtube.com/hellohonne,US
SMvZa784oow,18.18.06,My Everyday 10 Minute Makeup Tutorial | UPDATED,Laura Lee,26,Howto & Style,True,2018-04-15T21:00:19.000Z,"Laura88Lee|""10 minute makeup""|""quick makeup""|""everyday makeup routine""|""everyday makeup tutorial""|""5 minute makeup""|""10 minute makeup routine""|""makeup routine""|""easy makeup""|""everyday makeup""|""everyday""|""simple makeup""|""back to school""|""easy makeup tutorial""|""drugstore""|""work makeup""|""makeup tutorial""|""drugstore makeup""|""school makeup""|""routine""|""natural makeup""|""no makeup makeup""|""makeup for beginners""|""back to school makeup""|""under 10 minutes""|""quick makeup tutorial""",572110,29364,866,2077,https://i.ytimg.com/vi/SMvZa784oow/default.jpg,False,False,False,"Hey Larlees, todays video is an updated very natural makeup tutorial I can do this look in only 10 min. I hope this look is helpful. Thank you all so much for watching. - Laura\n\n\nMY MERCH: BUY HERE: https://www.lauraleelosangeles.com/ \nCATS PAJAMAS https://www.lauraleelosangeles.com/\n\n\n\n\n\n\nPRODUCTS MENTIONED:\nClinique Beyond Perfecting Foundation + Concealer - shade 8 http://bit.ly/2vfrHO9\nTatcha Primer https://seph.me/2veBYKI\nBenefit precisely my brow pencil 4 http://seph.me/2zEdOpT\nMorphe brontour http://bit.ly/2qAhrdY\nKKW beauty setting powder 2 http://bit.ly/2vmYUYc\nMorphe gel liner - jet http://bit.ly/2Fa6ee4\nJouer Lip liner http://bit.ly/2D4Jwjk\nJouer liquid Lipstick -buff http://bit.ly/2D4Jwjk\nWonder beauty setting spray http://bit.ly/2D4Jwjk\n\n\n\n*** D I S C O U N T  - C O D E S ***\n___\n\n* my vanity: http://bit.ly/29z6ZNx\nuse code LAURALEE for $$ off!!\n\n* Morphe Brushes USE CODE LauraLee for 10% off!\nhttp://morphebrushes.com\n\n* Jouer cosmetics - code: LAURALEE for 15% off! \nhttps://www.jouercosmetics.com\n\n* Ofra Cosmetics use code LAURALEE for 30% off!! http://bit.ly/2bm3dGb\n\n* POSTMATES!\n code LAURALEE will give $100 in delivery credit to your \n NEW postmates account http://bit.ly/2jwzJ07\n\n\nSOCIAL MEDIA:\nINSTAGRAM:  Larlarlee\nSNAPCHAT: Laura88lee\nTWITTER: LAURA88LEE\nmusical.ly - Laura88lee\n\n\n***My Camera Equipment***\nNew Camera: http://amzn.to/2iKeRMH\nOld Camera (great for starters)- http://amzn.to/2t2X88c\nCamera Lens - http://amzn.to/2t3i66H\nLights - http://amzn.to/2u1mxmN\n\n\n\n\n\nMusic: https://soundcloud.com/ikson\n\n\n\nFTC- Thanks Clinique for partnering with me for this video.",US
PZxyNX8J7Y4,18.19.06,Liza Koshy & Gabbie Hanna Become Mermaids IRL | Liza Tries It | TRL,TRL,24,Entertainment,True,2018-04-26T13:00:04.000Z,"TRL|""total""|""request""|""live""|""mtv""|""mermaid""|""IRL""|""Liza Koshy""|""roller derby""|""blading""|""loco liza""|""fail""|""hilarious""|""funny""|""comedy""|""star""|""influencer""|""DOING THIS AGAIN. DOLLAR STORE WITH LIZA PART 2!""|""THE WORLD'S BEST BEAUTY HACKS!""|""GET MONEY!! DOLLAR STORE WITH LIZZZA | Lizzza""|""MY BOYFRIEND DOES MY VOICEOVER | Parody""|""gabbie hanna""|""youtuber""|""viner""|""social media""|""singer""|""songwriter""|""comedian""|""Out Loud""|""original""|""content""|""digital""|""vine""|""youtube star""|""satellite""|""little mermaid""",1652804,59604,842,1063,https://i.ytimg.com/vi/PZxyNX8J7Y4/default.jpg,False,False,False,"The two YouTube stars got together to re-create an iconic 'Little Mermaid' moment. #TRL airs weekdays at 8am. Check out more from TRL here, http://trl.mtv.com/#TRL #LizaKoshy #GabbieHanna #MTVSubscribe to #TRL: https://goo.gl/GzVEu1 More from TRL: Like TRL: https://www.facebook.com/trl/ Follow TRL: https://twitter.com/TRL TRL Instagram: https://www.instagram.com/trl/",US
baj6llvgpWA,18.20.06,Justin Timberlake - Man of the Woods (Official Video),justintimberlakeVEVO,10,Music,True,2018-02-02T05:00:00.000Z,"Justin Timberlake|""Man of the Woods""|""Pop""|""RCA Records Label""",5406421,119342,8660,8020,https://i.ytimg.com/vi/baj6llvgpWA/default.jpg,False,False,False,“Man of the Woods” Official Music Video directed by Paul Hunter\n\nMan of the Woods – An Album By Justin Timberlake \niTunes - http://tmbr.lk/jMOTW_iTunes\nAmazon - http://tmbr.lk/jMOTW_Amazon\nSpotify -  http://tmbr.lk/jMOTW_Spotify\nTarget - http://tmbr.lk/MOTW_Target\nGoogle Play - http://tmbr.lk/jMOTW_GooglePlay\nDeezer - http://smarturl.it/jMOTW/deezer\nMore Options - http://tmbr.lk/jMOTW\n\nMan of the Woods Video Playlist - http://smarturl.it/jMOTW/youtube\n\nThe Man of the Woods Tour - http://tmbr.lk/site \n\nFollow Justin Timberlake:\nWebsite: https://www.justintimberlake.com/\nFacebook: https://www.facebook.com/justintimberlake\nTwitter: https://twitter.com/jtimberlake\nInstagram: https://www.instagram.com/justintimberlake/\nSpotify: http://tmbr.lk/Spotify,US
D2mxKEa2xmA,18.21.06,10 Most Devastating Cyber Attacks in History,MatthewSantoro,24,Entertainment,True,2018-05-13T13:00:01.000Z,"computer hacks|""cyber attack""|""computer virus""|""computer viruses""|""best hackers""|""cyber attacks""|""internet hacks""|""social engineering""|""shadow brokers""|""cyber attack documentary""|""cyber attack movie""|""cyber attack live""|""cyber attack on power grid""|""vpn""|""nordvpn""|""nordvpn review""|""nordvpn premium for free""|""nord vpn router""|""nordvpn free""",218721,7893,670,775,https://i.ytimg.com/vi/D2mxKEa2xmA/default.jpg,False,False,False,"Download the best VPN on the market, NORDVPN now! https://nordvpn.com/matthew. Use coupon code: matthewJoin the Fact Family! http://bit.ly/SubToMattSantoroTurn on notifications and come back daily for more amazing facts!Click below for my socials, sources, and more.Follow me here!Twitter: http://twitter.com/MatthewSantoroInstagram: http://instagram.com/MatthewSantoroFacebook: http://facebook.com/MatthewSantoroFollow my DAILY AMAZING FACT account - The Fact Maniac!Twitter: http://twitter.com/FactManiacInstagram: http://instagram.com/FactManiacFacebook: http://facebook.com/FactManiacOh, and I WROTE A BOOK! → http://bit.ly/MindBlownBook. It's filled with the most amazing facts you've never heard! Click the link and get it!Sources:https://pastebin.com/XBzz9zt3",US
qeWvgZLz9yU,18.22.06,A Smart... MUG?! - Take apart a Heated Thermos!,JerryRigEverything,26,Howto & Style,True,2017-11-13T16:00:03.000Z,"Smart mug|""Heated thermos""|""tech""|""gift idea""|""unboxed""|""Ember mug""|""ember""|""Ember review""|""Heated mug""|""teardown""|""technology""|""Thermous""|""winter""|""holiday""|""christmas""|""gift""|""mug""|""unboxing""",256761,13909,374,1730,https://i.ytimg.com/vi/qeWvgZLz9yU/default.jpg,False,False,False,"YouTubes new channel!: https://www.youtube.com/yt/unboxed for the latest unboxings from YouTubes creators! Good gift ideas for everyone on your list. \nWinter is coming, and this smart mug is designed to keep your drinks warm on the go, or all day long at your desk! This new mug from Ember is the smart mug you never though you needed, but now want to have. http://amzn.to/2zC9VFE\n\nThe camera I used to film this video: http://amzn.to/2p7GtkX\nThe Lens I used for this video: http://amzn.to/1QOXDw2\nWide angle lens: http://amzn.to/2qiYM4u\nAnd this Metabones adapter: http://amzn.to/2iZ67Ty\nThis is the drone I use: http://amzn.to/2joH00G\n\n*Follow me for updates!*\nInstagram: http://instagram.com/zacksjerryrig\nFacebook: http://on.fb.me/1U4bQqv\nTwitter: https://twitter.com/ZacksJerryRig\nSnapchat: http://bit.ly/1UAb2Fq\nGooglePlus: https://bit.ly/1YyKice\n\nJerryRigEverything assumes no liability for property damage or injury incurred as a result of any of the information contained in this video.  JerryRigEverything recommends safe practices when working with power tools, automotive lifts, lifting tools, jack stands, electrical equipment, blunt instruments, chemicals, lubricants, expensive electronics, or any other tools or equipment seen or implied in this video.  Due to factors beyond the control of JerryRigEverything, no information contained in this video shall create any express or implied warranty or guarantee of any particular result.  Any injury, damage or loss that may result from improper use of these tools, equipment, or the information contained in this video is the sole responsibility of the user and not JerryRigEverything. Only attempt your own repairs if you can accept personal responsibility for the results, whether they are good or bad.",US
U7x9pTb9Lwg,18.23.06,Still to Come this Season on Keeping Up With the Kardashians | E!,E! Entertainment,24,Entertainment,True,2017-12-18T17:56:30.000Z,"Kardashians|""Real Time""|""New Season""|""Kim Kardashian""|""E! Entertainment Schedule""|""Kourtney Kardashian""|""Celebrity""|""Celeb Gossip""|""Celeb News""|""E! News""|""E! News Now""|""Chelsea Handler""|""The Soup""|""Celebrity News""|""Celebrity Pictures""|""Gossip""|""Giuliana Rancic""|""Chelsea Lately""|""Comedians""|""Comedy""|""Kanye West""|""Scott Disick""|""Keeping Up with the Kardashians""|""Kardashian""|""KUWTK""|""family""|""Kendall Jenner""|""Kylie Jenner""|""brand-new""|""January 7""|""Sunday""",69862,550,17,47,https://i.ytimg.com/vi/U7x9pTb9Lwg/default.jpg,False,False,False,"When KUWTK returns, expect more drama and good times with the famous family! Don't miss a brand-new episode Sunday, January 7 at 9|8c on E!\n\nSUBSCRIBE: http://bit.ly/Eentsub\n\nAbout Keeping Up With the Kardashians:\nThings change, but this famous family stays the same. Can you keep up with the drama?\n\nConnect with the Kardashians:\nVisit the KUWTK WEBSITE: http://bit.ly/KUWTKweb\nLike KUWTK on FACEBOOK: http://bit.ly/KUWTKfb \nFollow KUWTK on TWITTER: http://bit.ly/KUWTKtwtr \n\nAbout E! Entertainment:\nE! is on the Pulse of Pop Culture, bringing fans the very best original content including reality series, scripted programming, exclusive specials, breaking entertainment news, streaming events and more. Passionate viewers can’t get enough of our Pop Culture hits including Keeping Up with the Kardashians,” “Fashion Police,” “The Royals,” Total Divas” and “Botched.” And with new original programming on the way, fans have even more to love.\n\nConnect with E! Entertainment:\nVisit the E! WEBSITE: http://eonli.ne/1iX6d8n\nLike E! on FACEBOOK: http://on.fb.me/1fzeamg\nCheck out E! on INSTAGRAM: http://bit.ly/EInsta\nFollow E! on TWITTER: http://bit.ly/EEntTwitter\n\nStill to Come this Season on Keeping Up With the Kardashians | E!\nhttp://www.youtube.com/user/Eentertainment",US
96oKlWv5wSo,18.24.06,AMAZING All You Can Eat  BBQ KEBAB Buffet in India!,Strictly Dumpling,19,Travel & Events,True,2018-05-13T20:17:14.000Z,"indian buffet|""kebab buffet""|""buffet""|""all you can eat""|""all you can eat buffet""|""best buffet""|""unlimited non veg and veg food""|""mumbai street food""|""strictly dumpling""|""travel india""|""indian food""|""tasty food india""|""best all you can eat""|""buffet challenge""|""buffet worth it""|""indian buffet food""|""buffet mukbang""|""barbeque nation""|""best food""|""india""|""curry""|""abs bbq""|""foodie""|""indian curry""|""curry chicken""|""food porn""|""hyderabad""|""hyderabad food""|""food tour""|""hyderabadi biryani""|""tasty food indian""",581614,12369,427,1609,https://i.ytimg.com/vi/96oKlWv5wSo/default.jpg,False,False,False,"I'm always on the lookout for new amazing buffets, and when I heard that AB's had all you can eat kebabs, I knew I had to go. ****MORE EXCLUSIVE Content on Instagram:**** http://instagr.am/Mikexingchenhttp://instagr.am/haveadumplingLOCATIONhttps://www.zomato.com/hyderabad/abs-absolute-barbecues-jubilee-hills➨Get tickets to the best show on earth!!! http://bit.ly/2gu7REI❖Support me on Patreon (I post FOOD MAPS): http://bit.ly/2lc36omStrictly Dumpling T-Shirts HERE: http://bit.ly/2jDiyGB►Subscribe for MORE videos about food! http://bit.ly/1hsxh41▲ Subscribe to our COOKING Channel! http://bit.ly/2vz2UPT------------------------------------------------------------------------------------------★↓FOLLOW ME ON SOCIAL MEDIA!↓★Facebook Show Page: https://www.facebook.com/strictlydumplingFacebook Mike Fan Page: https://www.facebook.com/mikeychenxStrictly Dumpling Instagram: http://instagr.am/haveadumplingPersonal Instagram: http://instagr.am/MikexingchenTwitter: http://twitter.com/MikexingchenTwitch: https://www.twitch.tv/mikexchen◈ Equipment I use for filming◈ :Sony RX100 Mark V http://amzn.to/2fZwuMGPANASONIC LUMIX G85 http://amzn.to/2wx2j5GWide Angle Lens http://amzn.to/2g0bbdCCamera Mic: http://amzn.to/2fZf4j6Camera Lights: http://amzn.to/2vXypVKHandheld Audio Recorder: http://amzn.to/2xlmPTOTripod: http://amzn.to/2vXA5yEDrone: http://amzn.to/2x6KqIIMy Favorite Cookware!wok/pan http://amzn.to/2f5G0upAlso this pan http://amzn.to/2f5QnyiPressure pan http://amzn.to/2wJIS7uNonstick pot http://amzn.to/2wHRgq1✉Send stuff to our PO Box!Mike Chen PO Box 610 Middletown, NY 10940♩ ♫",US
dDZoGcQVjJg,18.25.06,A one-man musical phenomenon | Jacob Collier,TED,28,Science & Technology,True,2018-02-07T16:08:44.000Z,"TEDTalk|""TEDTalks""|""art""|""live music""|""music""|""performance""|""performance art""|""singer""|""visualizations""|""vocals""",35876,1671,122,274,https://i.ytimg.com/vi/dDZoGcQVjJg/default.jpg,False,False,False,"Jacob Collier is a one-man band and force of nature. In a dynamic, colorful performance, he recreates the magical room at his home in London where he produces music, performing three songs in which he sings every part and plays every instrument -- accompanied by kaleidoscopic visuals that take cues from the music and grow in real time.\n\nCheck out more TED Talks: http://www.ted.com\n\nThe TED Talks channel features the best talks and performances from the TED Conference, where the world's leading thinkers and doers give the talk of their lives in 18 minutes (or less). Look for talks on Technology, Entertainment and Design -- plus science, business, global issues, the arts and more.\n\nFollow TED on Twitter: http://www.twitter.com/TEDTalks\nLike TED on Facebook: https://www.facebook.com/TED\n\nSubscribe to our channel: https://www.youtube.com/TED",US
7bDvhiHoH-c,18.15.06,Seafood Sausage - Food Wishes - Fish Sausage Recipe,Food Wishes,26,Howto & Style,True,2018-02-28T03:12:04.000Z,"Sausage|""Seafood""|""Fish""|""Recipe""|""shrimp""|""salmon""|""chef""|""john""|""food""|""wishes""|""recipes""|""appetizer""|""main""|""low""|""fat""|""healthy""",186548,6260,196,955,https://i.ytimg.com/vi/7bDvhiHoH-c/default.jpg,False,False,False,"Learn how to make Seafood Sausage! You'll be surprised just how easy it is to make, what are the rarest of all the sausages. Visit https://foodwishes.blogspot.com/2018/02/seafood-sausage-behold-rarest-of-all.html for the ingredients, more information, and many, many more video recipes. I hope you enjoy this easy Seafood Sausage recipe!\n\nYou can also find my content on Allrecipes: http://allrecipes.com/recipes/16791/everyday-cooking/special-collections/web-show-recipes/food-wishes/”",US
ODLwIlXK-9o,18.16.06,How Masterchef Hugo Ortega Went from Dishwasher to James Beard Award Winner — SFA,Eater,26,Howto & Style,True,2017-12-17T17:00:04.000Z,"james beard|""hugo ortega""|""best mexican texas""|""tex mex""|""mexican food""|""top chef""|""master chef""|""mole""|""mexico city""|""best mexican dishes""|""steak""|""sushi""|""eater""|""eater.com""|""food""|""foodie""|""dining""|""dish""|""restaurant""|""restaurants""|""review""|""news""|""food porn""|""Cooking (Interest)""|""recipe""|""Eating""|""barbecue""|""best chef""|""michelin""|""southern foodways alliance""|""john t edge""|""sean brock""|""best mexican chefs""",24860,702,20,45,https://i.ytimg.com/vi/ODLwIlXK-9o/default.jpg,False,False,False,"Ortega moved to Texas when he was 18. Soon he began working in restaurants, and with a little more time he opened his first one: his namesake regional Mexican restaurant in Houston’s Montrose neighborhood. Now, Hugo’s is 16 years in and joined by sister restaurants Caracol and Xochi. “Necessity is what pushes you to find opportunities somewhere else,” says Ortega. “And that’s what I did.”\n\nEater is the one-stop-shop for food and restaurant obsessives across the country. With features, explainers, animations, recipes, and more — it’s the most indulgent food content around. So get hungry.\n\nSubscribe to our YouTube Channel now! http://goo.gl/hGwtF0",US
b03U6BYF9L0,18.17.06,Debunking Anti-Vaxxers,AsapSCIENCE,28,Science & Technology,True,2018-02-15T17:09:04.000Z,"anti-vaxxer|""why you should get vaccinated""|""why you should vaccinate your kids""|""vaccines save lives""|""do vaccines contain mercury""|""do vaccines cause autism""|""are vaccines safe""|""verything you should know about vaccines.""|""Measles Mumps Rubella""|""MMR vaccine""|""Polio""|""Small Pox""|""eradicating disease""|""why is the anti-vax movement growing""|""flu shot""|""does the flu shot work""|""why you should get the flu shot""|""thimerosal""|""measles outbreak USA""|""andrew wakefield""",790912,48896,2546,13053,https://i.ytimg.com/vi/b03U6BYF9L0/default.jpg,False,False,False,"Here's what to say to anti-vaxxers!\nCheck out Bill and Melinda Gates Annual Letter:\nhttp://b-gat.es/2Cfph0j \n\nSubscribe, it's free! http://bit.ly/asapsci\n\nCreated by: Mitchell Moffit and Gregory Brown\nWritten by: Amanda Edwards, Annik Carson, Rachel Salt, Greg Brown, & Mitch Moffit\nIllustrated by: Max Simmons\nEdited by: Sel Ghebrehiwot & Mitch Moffit\n\nFOLLOW US!\nInstagram and Twitter: @whalewatchmeplz and @mitchellmoffit \nClickable: http://bit.ly/16F1jeC and http://bit.ly/15J7ube\n\nAsapINSTAGRAM: https://instagram.com/asapscience/\nSnapchat: realasapscience\nFacebook: http://facebook.com/AsapSCIENCE\nTwitter: http://twitter.com/AsapSCIENCE\nTumblr: http://asapscience.tumblr.com\n\nSNAPCHAT US 'whalewatchmeplz' and 'pixelmitch'\n\nCreated by Mitchell Moffit (twitter @mitchellmoffit) and Gregory Brown (twitter @whalewatchmeplz).\n\nSend us stuff!\n\nASAPSCIENCE INC.\nP.O. Box 93, Toronto P\nToronto, ON, M5S2S6\n\nFurther Reading/References:\nhttps://www.cdc.gov/vaccines/parents/tools/parents-guide/parents-guide-part4.html\nhttp://www.chop.edu/centers-programs/vaccine-education-center/vaccine-ingredients/aluminum \nhttps://www.ncbi.nlm.nih.gov/pubmed/22099159 \nhttp://www.who.int/vaccine_safety/committee/topics/adjuvants/Jun_2012/en/ \nhttps://www.cdc.gov/vaccines/hcp/conversations/downloads/vacsafe-understand-color-office.pdf \nhttps://www.cdc.gov/vaccinesafety/concerns/multiple-vaccines-immunity.html\nhttps://www.ncbi.nlm.nih.gov/pmc/articles/PMC4406568/ \nhttps://www.livescience.com/54078-hygiene-hypothesis.html \nhttps://blogs.scientificamerican.com/roots-of-unity/understand-the-measles-outbreak-with-this-one-weird-number/\nhttps://www.cdc.gov/measles/about/complications.html\nhttps://www.cdc.gov/measles/about/history.html \nhttps://www.orau.gov/cdcynergy/web/im/Content/activeinformation/resources/IM_what_would_hpn.pdf \nhttps://www.theatlantic.com/business/archive/2015/02/vaccines-are-profitable-so-what/385214/ \nhttps://www.cdc.gov/mmwr/preview/mmwrhtml/mm6316a4.htm \nhttps://www.cdc.gov/flu/about/qa/misconceptions.htm \nhttps://www.cdc.gov/flu/about/qa/vaccineeffect.htm\nhttp://pediatrics.aappublications.org/content/early/2017/03/30/peds.2016-4244?sso=1&sso_redirect_count=1&nfstatus=401&nftoken=00000000-0000-0000-0000-000000000000&nfstatusdescription=ERROR%3a+No+local+token \nhttps://www.cdc.gov/vaccinesafety/concerns/multiple-vaccines-immunity.html https://www.ncbi.nlm.nih.gov/pubmed/23847024\nhttps://www.ncbi.nlm.nih.gov/pubmed/16567978\nhttps://www.ncbi.nlm.nih.gov/pubmed/15951359\nhttps://www.ncbi.nlm.nih.gov/pubmed/11731639\nhttps://newrepublic.com/article/122367/why-are-vaccination-rates-dropping-america \nhttps://www.cdc.gov/mmwr/preview/mmwrhtml/mm6406a5.htm \nhttp://fortune.com/2015/02/12/californias-measles-vaccination/ \nhttps://www.vaccines.gov/basics/work/index.html \nhttp://www.vaccineinformation.org/how-vaccines-work/ \nhttp://vk.ovg.ox.ac.uk/herd-immunity \nhttp://www.who.int/csr/disease/smallpox/vaccines/en/ \nhttps://jamanetwork.com/journals/jama/fullarticle/209448 \nhttps://www.cdc.gov/vaccines/parents/tools/parents-guide/parents-guide-part4.html \nhttps://www.cps.ca/en/documents/position/autistic-spectrum-disorder-no-causal-relationship-with-vaccines \nhttps://www.autismspeaks.org/science/science-news/no-mmr-autism-link-large-study-vaccinated-vs-unvaccinated-kids \nhttps://www.cdc.gov/vaccinesafety/concerns/autism.html \nhttp://www.immunize.org/catg.d/p4026.pdf \nhttps://www.cdc.gov/vaccines/hcp/patient-ed/conversations/downloads/vacsafe-thimerosal-color-office.pdf \nhttps://www.cdc.gov/vaccines/vac-gen/whatifstop.htm \nhttp://www.cnn.com/2017/06/02/health/minnesota-measles-outbreak-bn/index.htm http://www.who.int/mediacentre/factsheets/fs378/en/ \nhttp://www.thelancet.com/journals/lancet/article/PIIS0140-6736(00)92008-7/fulltext \nhttps://www.cdc.gov/vaccines/vac-gen/whatifstop.htm \nhttps://io9.gizmodo.com/what-happens-when-you-dont-vaccinate-1631423511 \nhttps://www.vice.com/en_us/article/ppmn3y/we-asked-an-expert-what-would-happen-if-we-stopped-vaccinating-everyone-204\nhttps://www.orau.gov/cdcynergy/web/im/Content/activeinformation/resources/IM_what_would_hpn.pdf \nhttps://www.ranker.com/list/celebrity-anti-vaxxers/celebrity-lists\nhttps://jezebel.com/heres-a-fairly-comprehensive-list-of-anti-vaccination-c-1714760128\nhttps://www.popsci.com/science/article/2013-07/popsci-guide-anti-vaccine-claims\nhttps://medium.com/the-method/8-common-arguments-against-vaccines-5d45ad9c1e29\nhttp://www.who.int/mediacentre/factsheets/fs286/en/\nhttp://legacy.jyi.org/volumes/volume6/issue3/features/bourzac.html\nhttp://www.historyofvaccines.org/content/articles/vaccine-development-testing-and-regulation\nhttp://www.sciencedirect.com/science/article/pii/0264410X94903158\nhttp://www.sciencebasedmedicine.org/deadly-choices-about-vaccination/\nhttps://www.popsci.com/science/article/2013-07/popsci-guide-anti-vaccine-claims \n\nwhy you should get vaccinated why you should vaccinate your kids vaccines save lives do vaccines contain mercury do vaccines",US
EhSXsTSNDyo,18.18.06,5 Seconds Of Summer - Want You Back (Official Video),5SOSVEVO,10,Music,True,2018-03-27T13:00:01.000Z,"5SOS|""5 Seconds of Summer""|""Want You Back""|""Official Video""|""Official""|""Video""|""Want""|""You""|""Back""|""Luke Hemmings""|""Ashton Irwin""|""Michael Clifford""|""Calum Hood""|""Ash""|""Luke""|""Calum""|""Mikey""",4611406,346614,3165,26154,https://i.ytimg.com/vi/EhSXsTSNDyo/default.jpg,False,False,False,"Listen, stream and download the brand new single from 5SOS here: https://5sosuk.lnk.to/WYBID\n\nLyrics:\n\nCan’t help but wondering \nif this is the last time that I’ll see your face\nIs it tears or just the fucking rain (‘POURING’ CLEAN)\nWish I could say something\nSomething that doesn’t sound insane\nBut lately I don’t trust my brain\nYou told me I won’t ever change\nSo I just say nothing\nNo matter where I go, I’m always gonna want you back\nNo matter how long you’re gone, I’m always gonna want you back\nI know that you know, I will never get over you\nNo matter where I go, I’m always gonna want you back\nWant you back\nI remember the freckles on your back\nAnd the way that I used to make you laugh\nCos you know every morning I wake up\nYeah I still reach for you\nI remember the roses on your shirt\nWhen you told me this would never work\nYou know, even when I say I’ve moved on \nYeah I still dream for you\nNo matter where I go, I’m always gonna want you back\nNo matter how long you’re gone, I’m always gonna want you back\nI know that you know, I will never get over you\nNo matter where I go, I’m always gonna want you back, want you back\nYou know even when I say I’ve moved on\nYou know even though I know that you’re gone\nAll I think about is where I went wrong\nYou know even when I say I’ve moved on\nYou know even though I know that you’re gone\nAll I think about is where I went wrong\nYeah I still dream for you\nNo matter where I go, I’m always gonna want you back\nNo matter where I go, I’m always gonna want you back\nNo matter how long you’re gone, I’m always gonna want you back\nI know that you know, I will never get over you\nNo matter where I go, I’m always gonna want you back\nWant you back\nI’m always gonna want you back\nWant you back\n\nFollow us on the Official 5SoS social channels:\nYT VEVO: http://5sosf.am/YTVevo\nYT Official: http://5sosf.am/OffYT\nVEVO Channel: http://5sosf.am/OffVEVO\nWebsite: http://5sosf.am/Home\nSnapchat: weare5sos\nIG: http://5sosf.am/IG\nTW: http://5sosf.am/TW\nFB: http://5sosf.am/FB\n\nMusic video by 5 Seconds Of Summer performing Want You Back. © 2018 One Mode Productions Limited, under exclusive licence to Universal Music Operations Limited\n\nhttp://vevo.ly/LKjr8V",US
kce9FMxx-04,18.19.06,The Twelfth Doctor Regenerates: Peter Capaldi to Jodie Whittaker - Doctor Who Christmas Special 2017,BBC,24,Entertainment,True,2017-12-25T18:28:18.000Z,"BBC Doctor Who|""Peter Capaldi""|""Doctor Who""|""Dr Who""|""Twice Upon A Time""|""dr who xmas 2017""|""TARDIS""|""regeneration""|""Twelfth Doctor""|""Twelfth Doctor Regenerates""|""Peter Capaldie Regenerates""|""Peter Capaldi Regeneration""|""Jodie Whittaker""|""Jodie Whittaker Regenerates""|""Jodie Whittaker Regeneration""|""12th Doctor Regenerates""|""12th Doctor Regeneration""|""doctor who regeneration""|""doctor who regenerates""|""official doctor who""|""12 to 13""|""regeneration scene""|""jodie whittaker oh brilliant""|""debut""",1461207,18543,5779,7539,https://i.ytimg.com/vi/kce9FMxx-04/default.jpg,False,False,False,"The Twelfth Doctor (Peter Capaldi) becomes the Thirteenth (Jodie Whittaker) in this regeneration scene from the Doctor Who Christmas Special and regeneration episode, Twice Upon a Time. Programme website: http://bbc.in/1UFcb1w",US
zPJl2e38S4g,18.20.06,Walk it like I talk it - Wocket in my pocket - Migos vs Dr Suess,ScatterBrain News,25,News & Politics,True,2018-03-31T23:19:10.000Z,"Migos|""offset""|""quavo""|""takeoff""|""walk it like i talk it""|""DrSuess""|""theres a wocket in my pocket""|""mumble""|""rap""|""nursery""|""rhymes""|""childrens""|""book""|""fairytale""|""flow""|""bars""",2154665,159414,836,7103,https://i.ytimg.com/vi/zPJl2e38S4g/default.jpg,False,False,False,"#momma Please visit my new Online Apparel Marketplace                                      \n          https://teespring.com/stores/sayitwityochess\n                            SAY IT WITH YO CHESS\nMEANING: DO-er's make actions their loudest expression.\n                     Say it with your moves!\n\nOur New Trending Viral Video( Wocket in my Pocket Migos vs Druess )with well over a 20 million views world wide,  inspired a line of Special Edition Commemorative Apparel to promote literacy, parental bonding in an attempt to bring fun back to reading time. \n\nThere are also Two (Adult) Theme shirts available for the more outspoken move makers. \n\nhttps://teespring.com/stores/sayitwityochess-3\n\n\nRAPPED by Win Nevaluze \n\n@sirnevaluze\n\nHype Man Jay Lava aka ScatterBrains News \n\n@HotlavaMusic   and  @younglavamn  \n\n And Lord Jah\n\nPlease!!!!! Subscribe to the New Channels \n\nStart investing with Robinhood App\nhttps://share.robinhood.com/justins2468\n\n\nJWelling Consulting (Self Help, Business and Finance\nhttps://www.youtube.com/channel/UCtdgl0sslDZ34qRcVUpFTmw\n\nHOTLAVA MUSIC   (Beats and How To's)\nhttps://www.youtube.com/channel/UCGlqXtzBvQKd6yGsNDox-qA\n\nBecome A Member\nhttps://patreon.com/hotlavamusic\n\nIf you support donate.\nhttps://PayPal.Me/hotlavamusic\n\nFollow me on twitter  https://twitter.com/younglavamn  \nand\nhttps://twitter.com/HotlavaMusic\n\nFoIlow me on Instagram  https://www.instagram.com/hotlavamusic/\n\nFaceBook Page \nhttps://www.facebook.com/HOT-LAVA-BEATS-509077119466611/\n\nBlooger   https://hotlavamusic.blogspot.com/\n\n\nPlease\nDon't forget to hit thumbs up button if you like the beat.\n\nSubscribe for more lease the beat and Credit the channel and post your track in comment for us to check it. Lets get rich.\n\nMy Computer\nhttps://www.amazon.com/gp/product/B06Y4GZS9C/ref=as_li_tl?ie=UTF8&tag=jlavamusic-20&camp=1789&creative=9325&linkCode=as2&creativeASIN=B06Y4GZS9C&linkId=bafaa4724229c425376d851e9fdb71f5\n\nMy Camera\nhttps://www.amazon.com/gp/product/B01CQJHJ2E/ref=as_li_tl?ie=UTF8&tag=jlavamusic-20&camp=1789&creative=9325&linkCode=as2&creativeASIN=B01CQJHJ2E&linkId=14fb9a5f66d291e4c6427b3546e135b8\n\nThe Maschine Studio I have\nhttps://www.amazon.com/gp/product/B00JDBUY76/ref=as_li_tl?ie=UTF8&tag=jlavamusic-20&camp=1789&creative=9325&linkCode=as2&creativeASIN=B00JDBUY76&linkId=d0425f18fdb92d4f4aa3704161487fe8\n\nNew Maschine Mk3\nhttps://www.amazon.com/gp/product/B075FNQ1RN/ref=as_li_tl?ie=UTF8&tag=jlavamusic-20&camp=1789&creative=9325&linkCode=as2&creativeASIN=B075FNQ1RN&linkId=dc1950f05c5374c398be38ba0c4a1e0c",US
L3br0klRqF4,18.21.06,Watch live: Sessions testifies to the House Judiciary Committee,Washington Post,25,News & Politics,True,2017-11-14T21:51:20.000Z,"breaking news video|""video updates""|""live video""|""live updates""|""breaking news""|""press conference""|""live speeches""|""real time coverage""|""Jeff Sessions""|""Attorney General Jeff Sessions""|""House Judiciary Committee""|""jeff sessions testimony""|""jeff sessions live""|""jeff sessions live testimony""",137003,580,262,343,https://i.ytimg.com/vi/L3br0klRqF4/default.jpg,False,False,False,Attorney General Jeff Sessions testifies to the House Judiciary Committee on Oversight of the Department of Justice. Subscribe to The Washington Post on YouTube: http://bit.ly/2qiJ4dy\n\nFollow us:\n\nTwitter: https://twitter.com/washingtonpost\nInstagram: https://www.instagram.com/washingtonpost/\nFacebook: https://www.facebook.com/washingtonpost/,US
fJe0cmOvM94,18.22.06,Match the Job to the Person | Lineup | Cut,Cut,24,Entertainment,True,2018-02-06T13:00:08.000Z,"lineup|""line up""|""People Guess""|""guessing games""|""Cut""|""Watch Cut""|""people""|""people videos""|""storytelling""|""relationships""|""Dating""|""Interviews""|""Firsts""|""couples""|""exes""|""love""|""Kids Try""|""games""|""challenges""|""Ethnic groups""|""People Interviews""|""Dares""|""Truth or Dare""|""100 ways""|""blind dates""|""100 people""|""experiments""|""#tbt""|""Maddox""|""Truth or Drink""|""HiHo Kids""|""Hiho""|""kids""|""kids videos""|""100 YOB""|""100 Years of Beauty""|""Fear Pong""",2073539,55456,820,2600,https://i.ytimg.com/vi/fJe0cmOvM94/default.jpg,False,False,False,"Follow Guessers: \nCrystal - https://www.instagram.com/_saltyblog/\nIlah - https://www.instagram.com/ilahdizon/\nTimmy (Strawberry Shartcake) - https://www.instagram.com/strawberryshartcakeofficial/\nAlex-https://www.instagram.com/lexscope/\n\nOfficial Site: https://www.cut.com/\nFacebook: http://cut.com/facebook \nTwitter: https://twitter.com/Cut\nInstagram: http://cut.com/instagram\nSnapchat: @watchcut \nCut Swag: http://cut.com/shop\n\nAbout Cut: \nSmall questions have powerful effects when they go viral. Cut spreads stories for fun, for serious, and for real– bringing the internet together one awkward moment at a time.\n\nProduced, directed, and edited by https://cut.com \nWant to work with us? http://cut.com/hiring \nWant to be in a video? http://cut.com/casting \nWant to sponsor a video? http://cut.com/sponsorships  \nFor licensing inquiries: http://cut.com/licensing",US
al2l6YLt7cg,18.23.06,"NCT 127 on Latest Single 'Touch', New Album 'NCT 127 Empathy,' & More! | Billboard",Billboard,10,Music,True,2018-05-01T20:26:02.000Z,"billboard|""billboard channel""|""official""|""billboard magazine""|""music""|""official billboard channel""|""nct 127""|""nct 127 interview""|""nct 127 interview english""|""nct""|""127""|""nct 127 touch""|""interview""|""english""|""black on black""|""nct 127 black on black""|""yuta""|""taeyong""|""haechan""|""jaehyun""|""taeil""|""doyoung""|""jungwoo""|""mark""|""johnny""|""winwin""|""kpop""|""k pop""|""kcon""|""kcon 2018""|""nct 2018""|""ten""|""엔시티""|""nct dream""|""마크""|""태용""|""유타""|""천러""|""런쥔""|""루카스""|""pop""|""korean""|""korean music""|""2018""|""korean times music festival 2018""|""chelsea briggs""|""empathy""|""album""|""eng""",334967,41905,531,4532,https://i.ytimg.com/vi/al2l6YLt7cg/default.jpg,False,False,False,"K-pop boy band NCT 127 were in Los Angeles for the Korea Times Music Festival over the weekend and join Billboard's Chelsea Briggs's to talk about their latest single 'Touch,' their debut album 'NCT 127 Empathy,' charting on the Social 50, and more!Subscribe for The Latest Hot 100 Charts & ALL Music News! ►► https://bitly.com/BillboardSubBillboard News: New Channel, Same Awesome ►► http://bit.ly/DailyMusicNews",US
ANDqRchWuMc,18.24.06,Westworld - Season  1 Review,Jeremy Jahns,24,Entertainment,True,2018-01-10T14:00:01.000Z,"Westworld|""western""|""robot""|""artificial intelligence""|""A.I.""|""HBO""|""series""|""movie""|""review""|""Awesometacular""|""jeremy jahns""",176772,8975,167,1351,https://i.ytimg.com/vi/ANDqRchWuMc/default.jpg,False,False,False,An interactive wild west setting sets the stage to present the biggest mystery of life: What is consciousness? Here's my review of HBO's WESTWORLD Season 1!\n\n\nSee more videos by Jeremy here: http://www.youtube.com/user/JeremyJahns\n\nFollow Jeremy on Twitter: https://twitter.com/JeremyJahns\n\nFriend Jeremy on Facebook: http://www.facebook.com/RealJeremyJahns,US
p-OCfiglZRQ,18.25.06,Can Light be Black? Mind-Blowing Dark Light Experiments!,The Action Lab,24,Entertainment,True,2018-04-28T16:03:59.000Z,"black light|""dark light""|""light""|""flashlight""|""black 2.0""|""brightest flashlight""|""glow in the dark""|""worlds brightest flashlight""|""the action lab""|""mind blowing""|""blackest black""|""darkest light""|""action lab""|""vacuum chamber""|""science tricks""|""science experiment""|""double slit""|""32000 lumen""|""self pouring""|""oobleck pool""|""dark side""|""king of random""|""iron man""|""how to""|""foil ball""|""aluminum foil ball""|""japan trend""|""negative mass""|""weird trend""|""life hacks""|""gold foil ball""|""quantum mechanics""",2786923,53689,9678,8289,https://i.ytimg.com/vi/p-OCfiglZRQ/default.jpg,False,False,False,"In this video I test if light can be black. I show you several experiments that show you cases of light that is black and then I talk about what color actually is and why mixing pain and light give you the same but different results!WARNING:This video is for entertainment purposes only. If you use the information from this video for your own projects then you assume complete responsibility for the results.My Other Channel:https://www.youtube.com/channel/UCA19mAJURyYHbJzhfpqhpCAMy Facebook Page:https://goo.gl/v5Qw9tFor more awesome videos checkout:GOLD Mirror-Polished Japanese Foil Ball Challenge in a Vacuum Chamber!https://www.youtube.com/watch?v=5Blt_CJ29WQMirror-Polished Japanese Foil Ball Challenge Crushed in a Hydraulic Press-What's Inside?https://www.youtube.com/watch?v=oJ2faqXlU1sCan You Capture a Light Wave? Mind-Blowing Wave-Particle Duality Experiment!https://youtu.be/ny6fPSibyOoMixing the World's Blackest Paint With the World's Brightest Paint (Black 2.0 vs LIT)https://youtu.be/x5L4_GXePukIs it Possible to Unboil an Egg? The Amazing Uncooking Experiment!https://youtu.be/QNV4gHWZ9p4What if You Try To Lift a Negative Mass? Mind-Blowing Physical Impossibility!https://www.youtube.com/watch?v=uAJlg8MDAlUWhat Does a Giant Monster Neodymium Magnet do to a Mouse?https://www.youtube.com/watch?v=V8-JfSXPDp0The Worlds Blackest Black vs The Worlds Brightest Flashlight (32,000 lumen)—Which Will Win?https://www.youtube.com/watch?v=AaFdCvnV8PMHow Much Weight Can a Fly Actually Lift? Experiment—I Lassoed a Fly!https://www.youtube.com/watch?v=-xZoOUd172QIf You Fly a Drone in a Car, Does it Move With It? (Dangerous In-Car Flight Challenge)https://youtu.be/XjTj-tGPSWECan Flies Actually Fly in a Vacuum Chamber?https://www.youtube.com/watch?v=C4h-AS729JMI Let a Venus Flytrap Digest My Finger For a Day–Little Shop of Horrors Challenge!https://www.youtube.com/watch?v=tPLuWcOGBCEDrawing On Water-It is So Surreal!https://youtu.be/3NZ-cAf8Bbw Can Magic Sand Get Wet in a Vacuum Chamber? So Satisfying!https://youtu.be/9yaMexyXucAStretch Armstrong Crushed In A Hydraulic Presshttps://youtu.be/pmbWhYco4x8",US
QXcbVHFE2bo,18.15.06,How-To Make Chocolate Mousse with Matty Matheson,Munchies,24,Entertainment,True,2017-12-12T12:00:02.000Z,"how to|""cooking""|""Munchies""|""Munchiestv""|""food""|""drinks""|""eating""|""chef""|""restaurant""|""VICE""|""chef's night out""|""matty matheson""|""action bronson""|""documentary""|""documentaries""|""interview""|""interviews""|""culture""|""world""|""exclusive""|""independent""|""underground""|""travel""|""funny""|""journalism""|""vice""|""vice videos""|""vicevideos""|""CHEFS""|""MUNCHIES""|""meal kits""|""mousse""|""chocolate mousse""|""chocolate""|""home cooking""|""Matty Matheson""|""dessert recipe""|""how to make mousse""",442698,14407,229,582,https://i.ytimg.com/vi/QXcbVHFE2bo/default.jpg,False,False,False,"Order today and cook a MUNCHIES Meal Kit recipe along with Matty:  http://bit.ly/MUNCHIES-MEAL-KITS-2\n\nIt's all about mouthfeel with desserts. And Matty is here to show you how to make a light, airy chocolate mousse.\n\nThis easy-as-hell dessert is perfect for every celebration and doubles as a nice little workout for your egg-beating and cream-whisking muscles. Make sure you top it with some whipped cream and crushed graham crackers because “Just eating chocolate mousse is too good. It will fuck you up.”\n\nBe the superstar you were meant to be: make this chocolate mousse.\n\nWATCH NEXT: Matty Matheson Cooks a Steak Sandwich - https://vice.video/2Acp6me\n\nSubscribe to Munchies here: http://bit.ly/Subscribe-to-MUNCHIES\n\nCheck out http://munchies.tv for more!\n\nFollow Munchies here:\nFacebook: http://facebook.com/munchies\nTwitter: http://twitter.com/munchies\nTumblr: http://munchies.tumblr.com\nInstagram: http://instagram.com/munchies\nPinterest: https://www.pinterest.com/munchies\nFoursquare: https://foursquare.com/munchies\nMore videos from the VICE network: https://www.fb.com/vicevideo",US
fVVS9Tng7C0,18.16.06,See Lala And Kway's Epic And Hilarious Dance-Off | BET Social Awards,BETNetworks,24,Entertainment,True,2018-02-12T14:26:34.000Z,"BET|""BET Networks""|""BET Music""|""Black Entertainment Television""|""blameitonkway""|""lalasizahands""|""bet social awards""|""#BETSocialAwards""|""#BETSocialAwards2018""|""Titi""|""Social Awards Opening Dance""|""blameitonkwaydance""|""Mr_hotspot intro""|""mr_hotspot BETSocialAwards""",198051,4657,831,644,https://i.ytimg.com/vi/fVVS9Tng7C0/default.jpg,False,False,False,BlameItOnKway & LaLaSizaHands perform every new dance trend in under two minutes!\n\nStill haven’t subscribed to BET on Youtube? ►► http://bit.ly/1U0v9xG\n\nDownload the BET NOW app for full episodes of your favorite BET shows and exclusive content!\n\nConnect with BET \nWeb: http://www.BET.com\nFacebook: http://www.facebook.com/BET\nTwitter: http://www.twitter.com/BET\nInstagram: http://www.instagram.com/BET\nGoogle+: http://www.bet.us/gplusBET,US
45tSUnisIos,18.17.06,5 Signs You Work With Cats,Cole and Marmalade,15,Pets & Animals,True,2018-04-29T14:08:24.000Z,"Cole and Marmalade|""Cats""|""Cat Videos""|""working with cats""|""life with cats""|""office cats""|""take your cat to work day""|""funny cats""|""The Office""|""Computers""|""cat owners""|""cat people""|""work""|""working""|""fail""|""kittens""|""kittens in office""|""cat logic""",169542,11543,75,1059,https://i.ytimg.com/vi/45tSUnisIos/default.jpg,False,False,False,"If you work with cats in the office everyday, you can probably relate! … Anyone else have a office supurrvisor? :)Subscribe: http://bit.ly/SubToColeAndMarmaladePurrlease support our channel 😄👕 Buy Our Merch: https://shop.coleandmarmalade.com• Shop our Amazon Store: https://www.amazon.com/shop/coleandmarmalade🐱 Find us here...• https://www.facebook.com/ColeandMarmalade• https://instagram.com/coleandmarmalade/• http://twitter.com/coletheblackcat🐱 SECOND YOUTUBE CHANNELhttps://www.youtube.com/catmanchrispooleHave a question? Contact us at: coleandmarmalade@gmail.com Affiliate Links may be present above.About Us:I love cats! Cole and Marmalade are both rescued cats, I've been making cat videos since 2008, we do our best to entertain as well as educate... We aim to make a pawsitive difference in the world, we hope you can follow us on this purrfect journey :)Music - Jazzy Feeling 7 - Epidemic Music",US
Ji_4dH_FXzw,18.18.06,2018 Preakness Stakes I FULL RACE I NBC Sports,NBC Sports,17,Sports,True,2018-05-19T23:10:34.000Z,"Horse racing|""horses""|""full race""|""Justify""|""2018""|""Preakness Stakes""|""Preakness""|""Kentucky Derby""|""NBC""|""NBCSN""|""NBC Sports""|""Triple Crown""|""Maryland""|""2018 Preakness Stakes""|""2018 Kentucky Derby""|""race replay""|""Good Magic""|""horse trainer""|""Triple Crown of Thoroughbred Racing""|""Triple Crown 2018""|""Triple Crown Justify""|""The Triple Crown""|""Belmont Stakes 2018""|""Justify Belmont Stakes""|""Justify Belmont""|""Kentucky Derby 2018""|""Preakness 2018""|""Horse Racing""|""Sports""",649426,2296,308,866,https://i.ytimg.com/vi/Ji_4dH_FXzw/default.jpg,False,False,False,"Watch to find out the winner of the 2018 Preakness Stakes, the Second Jewel of the Triple Crown. Justify makes his historic run for the Triple Crown at the 2018 Belmont Stakes in Elmont, New York. The 3-year-old seeks to become the first horse since American Pharoah in 2015 to achieve what only 12 horses in the history of Thoroughbred Racing have been able to accomplish. Watch the Triple Crown on NBC Sports.» Subscribe to NBC Sports: https://www.youtube.com/nbcsports» Watch Live Sports on NBCSports.com: http://www.nbcsports.com/liveNBC Sports Group serves sports fans 24/7 with premier live events, insightful studio shows, and compelling original programming. NBC Sports is an established leader in the sports media landscape with an unparalleled collection of sports properties that include the Olympics, NFL, Premier League, NHL, NASCAR, PGA TOUR, the Kentucky Derby, Tour de France, French Open, IndyCar and many more. Subscribe to our channel for the latest sporting news and highlights!Visit NBC Sports: https://www.nbcsports.comFind NBC Sports on Facebook: https://www.facebook.com/NBCSportsFollow NBC Sports on Twitter: https://twitter.com/nbcsportsFollow NBC Sports on Instagram: https://www.instagram.com/nbcsports/",US
ic1kMoM_kPw,18.19.06,Dylan Farrow details her sexual assault allegations against Woody Allen,CBS This Morning,25,News & Politics,True,2018-01-18T13:02:20.000Z,"video|""cbs""|""news""|""Dylan Farrow""|""sexual assault allegations""|""adoptive father""|""actor and director Woody Allen""",173889,846,648,1155,https://i.ytimg.com/vi/ic1kMoM_kPw/default.jpg,False,False,False,"Only on CBS This Morning, Dylan Farrow is speaking candidly for the first time on television about her sexual assault allegations against her adoptive father, actor and director Woody Allen. At the age of seven, Farrow told her mother, actress Mia Farrow, that Allen had molested her. Allen has always denied the allegations. Gayle King reports.\n\nSubscribe to the CBS This Morning Channel HERE: http://bit.ly/1Q0v2hE\nWatch CBS This Morning HERE: http://bit.ly/1T88yAR\nWatch the latest installment of Note to Self, only on CBS This Morning, HERE: http://cbsn.ws/1Sh8XlB\nFollow CBS This Morning on Instagram HERE: http://bit.ly/1Q7NGnY\nLike CBS This Morning on Facebook HERE: http://on.fb.me/1LhtdvI\nFollow CBS This Morning on Twitter HERE: http://bit.ly/1Xj5W3p\nFollow CBS This Morning on Google+ HERE: http://bit.ly/1SIM4I8\n\nGet the latest news and best in original reporting from CBS News delivered to your inbox. Subscribe to newsletters HERE: http://cbsn.ws/1RqHw7T\n\nGet your news on the go! Download CBS News mobile apps HERE: http://cbsn.ws/1Xb1WC8\n\nGet new episodes of shows you love across devices the next day, stream local news live, and watch full seasons of CBS fan favorites anytime, anywhere with CBS All Access. Try it free! http://bit.ly/1OQA29B\n\n\nDelivered by Norah O’Donnell and Gayle King, CBS This Morning offers a thoughtful, substantive and insightful source of news and information to a daily audience of 3 million viewers. The Emmy Award-winning broadcast presents a mix of daily news, coverage of developing stories of national and global significance, and interviews with leading figures in politics, business and entertainment. Check local listings for CBS This Morning broadcast times.",US
OBOm_jatVCI,18.20.06,Blind Fast Food Sub Sandwich Taste Test,Good Mythical Morning,24,Entertainment,True,2018-03-07T11:00:02.000Z,"rhett and link|""gmm""|""good mythical morning""|""rhett and link good mythical morning""|""good mythical morning rhett and link""|""mythical morning""|""gmm food""|""Season 13""|""rhett""|""link""|""mythical""|""rhett blind fast food sub sandwich taste test""|""link blind fast food sub sandwich taste test""|""rhett link blind fast food sub sandwich taste test""|""blind fast food sub sandwich taste test""",2215447,39203,1574,4835,https://i.ytimg.com/vi/OBOm_jatVCI/default.jpg,False,False,False,Can we decipher the difference between Subway and Quiznos while blindfolded? GMM #1290.1\nWatch Part 2: https://youtu.be/CHjVwy-99Js\nWatch yesterday's episode from the start: http://bit.ly/GMM1289\n\nPick up all of the official GMM merch at https://mythical.store & exclusive limited edition tees at https://www.amazon.com/mythical\n\nFollow Rhett & Link: \nInstagram: https://instagram.com/rhettandlink\nFacebook: https://facebook.com/rhettandlink\nTwitter: https://twitter.com/rhettandlink\nTumblr: https://rhettandlink.tumblr.com\nSnapchat: @realrhettlink\nWebsite: https://mythical.co/\n\nCheck Out Our Other Mythical Channels:\nGood Mythical MORE: https://youtube.com/goodmythicalmore\nRhett & Link: https://youtube.com/rhettandlink\nThis Is Mythical: https://youtube.com/thisismythical\nEar Biscuits: https://applepodcasts.com/earbiscuits\n\nWant to send us something? https://mythical.co/contact\nHave you made a Wheel of Mythicality intro video? Submit it here: https://bit.ly/GMMWheelIntro\n\nIntro Animation by Digital Twigs: https://www.digitaltwigs.com\nIntro & Outro Music by Jeff Zeigler & Sarah Schimeneck https://www.jeffzeigler.com\nAll Supplemental Music from Extreme Production Music: https://www.extrememusic.com/\nWe use ‘The Mouse’ by Blue Microphones https://www.bluemic.com/mouse/,US
sJzWZ1yXpek,18.21.06,Hot Wheels in the Garden,5MadMovieMakers,24,Entertainment,True,2017-12-26T19:57:56.000Z,"hot wheels|""roller coaster""|""track""|""backyard""|""garden""|""loop""|""drop""|""hill""|""theme""|""amusement""|""park""|""review""|""toy""|""build""|""custom""|""design""|""planet""|""coaster""|""tycoon""|""minecraft""|""disney""|""disneyland""|""universal""|""six flags""|""cedar point""|""bridge""|""wood""|""block""|""lego""|""fence""|""plant dirt""|""sand""|""car""|""cart""|""mine""|""ride""|""thrill""|""science""|""project""|""DIY""|""FPV""|""gopro""|""onride""",502880,5551,260,473,https://i.ytimg.com/vi/sJzWZ1yXpek/default.jpg,False,False,False,"The ultimate backyard Hot Wheels track is here.  Cross the high wooden bridge, drop into a vertical loop, and duck under the garden fence for the roller coaster ride of a lifetime.  At 141 feet long, the car takes 25 seconds to complete the track at an average speed of 3.8 miles per hour, which in 1:64 scale is 244 miles per hour.  Filmed with the Sony NEX-VG30H and a GoPro Hero 5 Session.\n\nMusic “Glimmer” by Road Lizard https://soundcloud.com/roadlizardmusic/glimmer-1\n\n3D printed camera car built by Raptor House Effects.  Special thanks to Andrew Cobb, Luke Hall, and Cameron Lee for their assistance with filming the track, Zach Castle for flipping the lamp switch, and to the rest of The Booge for putting up with a big wooden beam extending from one of the windows for several nights.\n\nThomas Train Stunts https://youtu.be/me5ifeBFaFo\n\nPLAYLISTS\nMarble Runs: https://youtu.be/IPMvlHVNR7g?list=PL602556C428E88B6D\nLego Roller Coasters: https://youtu.be/cDkfYYX_ORg?list=PL7E53D939DC0CB341\nKnex Roller Coasters: https://youtu.be/eiZf32G4A3c?list=PLD3F47DEACC71D322\nStop Motion Animations: https://youtu.be/gLnDkw1Z1YI?list=PLD5_2v4-fG-1R6Sw2T6C-8y0v-qpzBJo0\nHot Wheels: https://youtu.be/GVKhyoQeOu8?list=PLD5_2v4-fG-0OwscxbJQ8-n9HF7BM-ntR\n\nSOCIAL MEDIA\nWebsite: http://5madmoviemakers.com\nFacebook: http://www.facebook.com/5madmoviemakers\nTwitter: http://twitter.com/5madmoviemakers \nOur Channel: http://youtube.com/5madmoviemakers\n\n2017 - 5 Mad Movie Makers",US
Es9CfWMmPRU,18.22.06,$120 McGriddle Taste Test | FANCY FAST FOOD,Good Mythical Morning,24,Entertainment,True,2018-04-30T10:22:13.000Z,"rhett and link|""gmm""|""good mythical morning""|""rhett and link good mythical morning""|""good mythical morning rhett and link""|""mythical morning""|""gmm food""|""Season 13""|""rhett""|""link""|""mythical""|""mcgriddle""|""rhett link mcgridle""|""rhett mcgriddle""|""link mcgriddle""|""rhett $120 mcgriddle taste test""|""link $120 mcgriddle taste test""|""$120 mcgriddle taste test""|""rhett link fancy fast food""|""link fancy fast food""|""fancy fast food""|""mcdonald's""|""mcgriddle taste test""|""expensive fast food gmm""|""fancy fast food gmm""",1259565,21892,844,2749,https://i.ytimg.com/vi/Es9CfWMmPRU/default.jpg,False,False,False,Is our $120 McGriddle a McMasterpiece or a McDisaster? GMM #1328.2Watch Part 3: https://youtu.be/smr7PoVMcqw | Watch Part 1: https://youtu.be/x5qlfSoKrCYPick up all of the official GMM merch at https://mythical.store & exclusive limited edition tees at https://www.amazon.com/mythicalFollow Rhett & Link: Instagram: https://instagram.com/rhettandlinkFacebook: https://facebook.com/rhettandlinkTwitter: https://twitter.com/rhettandlinkTumblr: https://rhettandlink.tumblr.comSnapchat: @realrhettlinkWebsite: https://mythical.co/Check Out Our Other Mythical Channels:Good Mythical MORE: https://youtube.com/goodmythicalmoreRhett & Link: https://youtube.com/rhettandlinkThis Is Mythical: https://youtube.com/thisismythicalEar Biscuits: https://applepodcasts.com/earbiscuitsWant to send us something? https://mythical.co/contactHave you made a Wheel of Mythicality intro video? Submit it here: https://bit.ly/GMMWheelIntroIntro Animation by Digital Twigs: https://www.digitaltwigs.comIntro & Outro Music by Jeff Zeigler & Sarah Schimeneck https://www.jeffzeigler.comAll Supplemental Music from Extreme Production Music: https://www.extrememusic.com/We use ‘The Mouse’ by Blue Microphones https://www.bluemic.com/mouse/,US
1RZYOeQeIXE,18.23.06,Sarah Paulson Gets Scared During '5 Second Rule',TheEllenShow,24,Entertainment,True,2018-05-14T13:00:00.000Z,"ellen|""ellen degeneres""|""the ellen show""|""season 15 episode 155""|""sarah Paulson""|""actress""|""scare""|""five second rule""|""ellentube""|""game""|""cher""|""sarah paulson girlfriend""|""sarah paulson movies and tv shows""|""sarah""|""paulson""|""sarah paulson american horror story""|""sarah paulson partner""|""sarah paulson emmy speech""|""actress sarah paulson""|""sarah paulson gif""|""ellen audience""|""ellen fans""|""ellen tickets""|""season 15""|""ahs""|""5 second rule""|""scares""|""hilarious""|""funny""",704786,19880,248,669,https://i.ytimg.com/vi/1RZYOeQeIXE/default.jpg,False,False,False,"Sarah Paulson agreed to play a friendly game of 5 Second Rule with Ellen, but after she got yet another scare on the show, it turned out Sarah was right to be suspicious!",US
e_7zHm7GsYc,18.24.06,Hunter Hayes - You Should Be Loved (Part One Of Pictures),Hunter Hayes,10,Music,True,2017-11-13T15:01:18.000Z,"Hunter|""Hayes""|""you should be loved""|""the shadowboxers""|""pictures""|""part one""|""official""|""music video""|""trilogy""|""hunter hayes""|""wanted""|""i want crazy""|""storm warning""",13917,1318,24,76,https://i.ytimg.com/vi/e_7zHm7GsYc/default.jpg,False,False,False,You Should Be Loved (feat. The Shadowboxers) Available Now! Download or stream it here: https://HunterHayes.lnk.to/ysbl\n\nLike what you heard? Download or stream more songs by Hunter: \niTunes: http://smarturl.it/hunterhayes_itunes\nSpotify: http://smarturl.it/hunterhayes_sp\n\nStay in touch with Hunter! Follow him on social media: \nWebsite: http://smarturl.it/hunterhayes_site\nFacebook: http://smarturl.it/hunterhayes_fb \nTwitter: http://smarturl.it/hunterhayes_tw\nInstagram: http://smarturl.it/hunterhayes_ig\n\nMusic video by Hunter Hayes. ©2017 Atlantic Recording Corporation.,US
9JBKuNrd5m8,18.25.06,I WENT TO PIXAR ANIMATION STUDIOS!! (The Incredibles 2),DanTDM,24,Entertainment,True,2018-05-25T17:09:00.000Z,"dantdm|""dantdm the incredibles""|""the incredibles""|""the incredibles 2""|""pixar""|""dantdm vlog""|""vlog dantdm""|""thediamondminecart""|""minecart""|""no swearing""|""no cursing""|""dr trayaurus""|""tdm""|""the diamond minecart""|""trayaurus""|""grim""|""app""",1594811,39008,1317,15235,https://i.ytimg.com/vi/9JBKuNrd5m8/default.jpg,False,False,False,► Subscribe and join TeamTDM! :: http://bit.ly/TxtGm8► Follow Me on Twitter :: http://www.twitter.com/dantdm► Previous Video :: https://youtu.be/4Ez4BsdFtz8i was lucky enough to be invited to Pixar Animation Studios in San Francisco where we got a sneak peek of The Incredibles 2.. MY FAVOURITE MOVIE OF ALL TIME!!!!► Check out The Incredibles 2 :: http://bit.ly/DanTDMIncredibles2► DanTDM MERCH :: http://www.dantdmshop.com► Powered by Chillblast :: http://www.chillblast.com-- Find Me! --Twitter: http://www.twitter.com/dantdmFacebook: http://www.facebook.com/TheDiamondMinecartInstagram: http://www.instagram.com/DanTDM,US
CwKp6Xhy3_4,18.15.06,Chris Young - Hangin' On,ChrisYoungVEVO,10,Music,True,2018-02-26T08:00:02.000Z,"Losing sleep video|""losing sleep album""|""think of you""|""I’m coming over""|""sober Saturday night""|""tomorrow""|""aw naw""|""who I am with you""|""you""|""chris young video""|""chris young losing sleep""|""lonely eyes""|""chris young new album""|""country music video""|""sony music""|""chris young new song""|""rca nashville""|""sony records""|""sony records nashville""|""hangin' on video""|""hanging on video""|""Chris Young""|""Country""|""Hangin' On""|""RCA Records Label Nashville""",272987,4091,358,261,https://i.ytimg.com/vi/CwKp6Xhy3_4/default.jpg,False,False,False,Chris Young's Hangin' On from his #1 album Losing Sleep available now.  http://smarturl.it/losingsleepcy\n\nhttp://vevo.ly/xSAhqR,US
2BwxeOzSx8A,18.16.06,"Don't Worry, He Won't Get Far On Foot - Official Trailer | Amazon Studios",Amazon Studios,1,Film & Animation,True,2018-04-26T20:00:03.000Z,"Amazon Studios|""Amazon""|""amazon prime""|""amazon video""|""original""|""trailer""|""episode""|""season""|""streaming""|""Amazon Original Series""|""Amazon instant video""|""Prime Video""|""Prime Instant Video""|""Portland""|""Joaquin Phoenix""|""Jonah Hill""|""Rooney Mara""|""Jack Black""|""Mark Webber""|""Udo Kier""|""biographical film""|""Callahan's""|""autobiography""|""Don't Worry""|""He Won't Get Far On Foot""|""Official Trailer""|""Charles-Marie""|""Steve Zissis""|""Carrie Brownstein""|""Heather Matarazzo""|""Rebecca Rittenhouse""|""Ron Perkins""|""Rebecca Field""",1103339,363,42,17,https://i.ytimg.com/vi/2BwxeOzSx8A/default.jpg,False,False,False,"The last day Portland slacker John Callahan is able to walk, he wakes up without a hangover — because he’s still drunk from the night before. That night at a wild party he meets a wisecracking drinking buddy (Jack Black), who insists they leave for an even better party he knows about. But when his new friend dozes off at the wheel, John wakes up confined to a wheelchair with only partial use of his arms. Though he initially has no intention of getting sober, he reluctantly attends a 12-step meeting run by a charismatic and dedicated sponsor named Donnie (Jonah Hill) and reconnects with Annu (Rooney Mara), a therapist he met at the hospital. With their encouragement, John finds that love is not beyond his reach and discovers a hidden talent for drawing, channeling his playful personality into crude, politically incorrect — and often hilarious — cartoons, which develop a national following. Based on a true story, this poignant, insightful, funny drama about redemption, forgiveness and the healing power of art is adapted from Callahan’s autobiography and directed by two-time Oscar® nominee Gus Van Sant (Milk, Good Will Hunting). The film stars Oscar® nominees Joaquin Phoenix (Her, Walk the Line), Jonah Hill (The Wolf of Wall Street, Moneyball) and Rooney Mara (Carol, The Girl with the Dragon Tattoo), as well as Jack Black (Bernie, School of Rock), Carrie Brownstein (“Portlandia,” “Transparent”), Beth Ditto and Kim Gordon.\n\n» SUBSCRIBE: http://bit.ly/AmazonStudiosSubscribe\n» In select theaters July 13.\n\nAbout Don't Worry, He Won't Get Far on Foot:\nOn the rocky path to sobriety after a life-changing accident, John Callahan discovers the healing power of art, willing his injured hands into drawing edgy, hilarious, often controversial cartoons, which bring him a national following and a new lease on life.\n\nGet More from Amazon Studios: \nOfficial site: http://bit.ly/GetMoreAmazonStudios\nFacebook: http://bit.ly/AmazonStudiosFacebook\nTwitter: http://bit.ly/AmazonStudiosTwitter\nInstagram: http://bit.ly/AmazonStudiosInstagram\n\nAbout Amazon Studios:\nThe goal of Amazon Studios is to turn original stories into great entertainment.\n\nDon't Worry, He Won't Get Far On Foot - Official Trailer | Amazon Studios\nhttps://youtu.be/2BwxeOzSx8A\n\nAmazon Studios\nhttps://www.youtube.com/AmazonStudios",US
t1shnJT8NCY,18.17.06,"We Can All Do Better Than Roy Moore | November 15, 2017 Act 1 | Full Frontal on TBS",Full Frontal with Samantha Bee,22,People & Blogs,True,2017-11-16T07:00:04.000Z,"Full Frontal with Samantha Bee|""Full Frontal""|""Samantha Bee""|""Sam Bee""|""TBS""|""Roy Moore""",619920,7604,2603,1969,https://i.ytimg.com/vi/t1shnJT8NCY/default.jpg,False,False,False,"Hey Alabama, on December 12 you have a chance to prove all us Yankee assholes wrong. PLEASE prove us wrong.\n\nWatch Full Frontal with Samantha Bee all new Wednesdays at 10:30/ 9:30c on TBS!",US
prmQgSpV3fA,18.18.06,BLACK THOUGHT FREESTYLES ON FLEX | #FREESTYLE087,HOT 97,10,Music,True,2017-12-14T16:15:22.000Z,"hot97|""hot97app""|""music""|""video""|""hip hop""|""rap""|""r&b""|""hip-hop""|""New York""|""NY""|""US""|""United States""|""HOT97.com""",1576501,63519,557,10764,https://i.ytimg.com/vi/prmQgSpV3fA/default.jpg,False,False,False,HOT 97 App: http://bit.ly/HOT97APPWORLDWIDE\n\nYT SUBSCRIBE: http://bit.ly/12lN6vb\n\nhttp://www.hot97.com\n\nINSTAGRAM: https://www.instagram.com/hot97\nFACEBOOK:  https://www.facebook.com/HOT97OFFICIAL\nTWITTER:    https://twitter.com/HOT97,US
M61Vt1C69JA,18.19.06,Breakfast Sandwich Maker Competition,Good Mythical MORE,24,Entertainment,True,2018-03-12T10:00:03.000Z,"rhett and link|""good mythical more""|""rhett and link good mythical more""|""good mythical more rhett and link""|""season 13""|""rhett""|""link""|""mythical""|""rhett breakfast sandwich maker competition""|""link breakfast sandwich maker competition""",366647,7503,244,639,https://i.ytimg.com/vi/M61Vt1C69JA/default.jpg,False,False,False,Watch Rhett and Link make meat breakfast sandwiches out of their non-vegan scraps. GMM #1293.4\nWatch today's GMM: http://bit.ly/2HpshdA | Watch a previous GMM: http://bit.ly/GMM1292\n\nPick up all of the official GMM merch only at https://mythical.store\n\nFollow Rhett & Link: \nInstagram: https://instagram.com/rhettandlink\nFacebook: https://facebook.com/rhettandlink\nTwitter: https://twitter.com/rhettandlink\nTumblr: https://rhettandlink.tumblr.com\nSnapchat: @realrhettlink\nWebsite: https://mythical.co\n\nCheck Out Our Other Mythical Channels:\nGood Mythical Morning: https://youtube.com/goodmythicalmorning\nRhett & Link: https://youtube.com/rhettandlink\nThis Is Mythical: https://youtube.com/thisismythical\nEar Biscuits: https://applepodcasts.com/earbiscuits\n\nWant to send us something? https://mythical.co/contact\nHave you made a Wheel of Mythicality intro video? Submit it here: https://bit.ly/GMMWheelIntro\n\nIntro Animation by Digital Twigs: https://www.digitaltwigs.com\nIntro & Outro Music by Jeff Zeigler & Sarah Schimeneck https://www.jeffzeigler.com\nWheel of Mythicality theme: https://www.royaltyfreemusiclibrary.com/\nAll Supplemental Music fromOpus 1 Music: https://opus1.sourceaudio.com/\nWe use ‘The Mouse’ by Blue Microphones https://www.bluemic.com/mouse/,US
QAt8kU3TQfQ,18.20.06,The Most Mysterious Star in the Universe We Can't Explain,RealLifeLore,27,Education,True,2018-02-16T15:53:23.000Z,"real life lore|""real life lore maps""|""real life lore geography""|""real life maps""|""world map""|""world map is wrong""|""world map with countries""|""world map real size""|""map of the world""|""world geography""|""geography""|""geography (field of study)""|""facts you didn’t know""|""mysterious star""|""most mysterious star""|""star""|""space""|""sun""|""strange star""|""strangest star""|""weirdest star""|""dyson sphere""|""dyson spheres""|""freeman dyson""|""tabby's star""|""KIC 8462852""|""astronomy""|""universe""|""weird""|""mysterious""|""space is scary""",435859,16174,547,1704,https://i.ytimg.com/vi/QAt8kU3TQfQ/default.jpg,False,False,False,"Get a free audiobook from Audible at http://audible.com/reallifelore\n\nOr text reallifelore to 500-500\n\nGet the RealLifeLore book here: http://amzn.to/2ieJLyN\n\nPlease Subscribe: http://bit.ly/2dB7VTO\n\n\nMusic is by Brandon Maahs. Check out his website and music by clicking this link: http://www.brandonmaahs.com/audio-reel\n\nAnimations courtesy of Josh Sherrington of Heliosphere: https://www.youtube.com/user/Necrith \n\nFacebook: https://www.facebook.com/RealLifeLore/\nTwitter: https://twitter.com/RealLifeLore1\nReddit: https://www.reddit.com/r/RealLifeLore/\n\nSubreddit is moderated by Oliver Bourdouxhe\n\nSpecial thanks to my Patrons: Danny Clemens, Adam Kelly, Sarah Hughes, Greg Parham, Owen, Donna\n\nVideos explaining things. Mostly over topics like history, geography, economics and science. \n\nWe believe that the world is a wonderfully fascinating place, and you can find wonder anywhere you look. That is what our videos attempt to convey. \n\nCurrently, I try my best to release one video every week. Bear with me :)\n\nSources and further reading:\n\nhttps://www.theatlantic.com/science/archive/2015/10/the-most-interesting-star-in-our-galaxy/410023/\n\nhttps://en.wikipedia.org/wiki/KIC_8462852#History_of_observations\n\nhttps://en.wikipedia.org/wiki/Dyson_sphere#Dyson_swarm\n\nhttps://www.space.com/39263-alien-megastructure-tabbys-star-dust.html \n\nhttps://www.sciencedaily.com/releases/2018/01/180103101133.htm",US
nk3a7zq84Co,18.21.06,Game Day Artichoke Dip - You Suck at Cooking (episode 71),You Suck At Cooking,26,Howto & Style,True,2018-01-30T14:59:44.000Z,"Cooking|""Sports""|""artichoke dip""|""recipe""|""you suck at cooking""|""ysac""|""game day""|""superbowl""|""funny""|""comedy""|""parmesan""|""leeks""|""dip""|""snack""",392478,22821,213,2469,https://i.ytimg.com/vi/nk3a7zq84Co/default.jpg,False,False,False,"Do you like games? Do you like days? Do you like Artichokes? Do you like dips? Well boy oh boy do I have good news for you. \n\nSubscribe: http://bit.ly/1HuynlY\nhttp://instagram.com/yousuckatcooking\nhttps://twitter.com/yousuckatcookin\nSnapchat: @yousuckatcookin \nhttp://facebook.com/yousuckatcooking\n\n1 cup parmesan\n1/2 cup mayo\n1/2 cup sour cream or greek yogurt \nShred in some garlic\nChop up a leek\nChop up a small can of artichoke hearts\nMix that stuff together\nThrow in some salt, pepper pepper pepper and hot sauce\nBake it until the top gets mildly crustified",US
fRFCXQ3HgdY,18.22.06,Ohio State vs Michigan | Highlights | FOX COLLEGE FOOTBALL,FOX Sports,17,Sports,True,2017-11-25T21:44:40.000Z,"Mike Weber|""Mike""|""Weber""|""j.t. barrett""|""j.t.""|""barrett""|""Dwayne Haskins""|""Dwayne""|""Haskins""|""john o’korn""|""john""|""o’korn""|""j.k. dobbins""|""urban meyer""|""urban""|""meyer""|""jim harbaugh""|""jim""|""harbaugh""|""ohio state buckeyes""|""ohio""|""state""|""buckeyes""|""Michigan wolverines""|""Michigan""|""wolverines""|""cfb""|""ncaa football""|""cfb highlights""|""ncaa highlights""|""college football""|""football""|""fox""|""fox sports""|""fs1""|""sports""|""news""|""sp:ty=high""|""sp:dt=2017-11-25T12:00:00-05:00""|""sp:vl=en-US""|""sp:st=football""|""sp:li=cfb""|""sp:ti:home=Mich""|""sp:ti:away=OhioSt""",176838,1069,111,416,https://i.ytimg.com/vi/fRFCXQ3HgdY/default.jpg,False,False,False,"After notching a rush touchdown and one in the air, J.T. Barrett left the game in the 3rd quarter with an injured knee, but backup QB Dwayne Haskins helped Urban Meyer's No. 9 Ohio State Buckeyes rally to defeat the Michigan Wolverines 31-20 in their 6th straight victory over Jim Harbaugh's squad.\n\nSUBSCRIBE to get the latest FOX Sports content: https://www.youtube.com/foxsports?sub_confirmation=1\n\nSUBSCRIBE to get the latest FOX Sports content: https://www.youtube.com/foxsports?sub_confirmation=1\n\n►Watch the latest popular FOX Sports clips: https://www.youtube.com/playlist?list=PLSoN6Th-EepNkAbtoXFyKdMPd8lvG95wj\n►NFL coverage from FOX Sports: https://www.youtube.com/playlist?list=PLSoN6Th-EepMMrvxB23QShmbLMeMN52M-\n►College Football coverage from FOX Sports: https://www.youtube.com/playlist?list=PLSoN6Th-EepNWOI2vdFxCYax5pBiYgoJc\n \n►UFC on FOX’s YouTube channel: https://www.youtube.com/ufconfox\n►FOX Soccer’s YouTube channel: https://www.youtube.com/Foxsoccer\n \nAbout FOX Sports:\nWith exclusive highlights, original programming, and behind the scenes footage, FOX Sports' YouTube channel provides the sports content that fans are hungry for.\nFOX Sports coverage includes: College Basketball, College Football, MLB, NASCAR, NFL, Soccer, UFC, USGA events and the FIFA World Cup.\nFS1 original programs include: Undisputed, The Herd, Speak for Yourself, Garbage Time with Katie Nolan and more.",US
o7Ax6SRTGks,18.23.06,Cake Decorator Vs. Artist,BuzzFeedVideo,22,People & Blogs,True,2018-01-26T22:00:55.000Z,"BuzzFeed|""BuzzFeedVideo""|""BuzzFeed Video""|""cake""|""decorating""|""cake decorating""|""artist""|""baking""|""artist vs baker""|""baked goods""|""layer cake""|""icing""|""buttermilk frosting""|""fondant""|""food""|""fun""|""contest""|""competition""|""cute""|""quirky""|""the little prince""|""sweet 16""|""birthday""|""cake decorator""|""sweet sixteen""|""frosting""|""art""|""cake boss""|""ace of cakes""|""rose""|""piping""|""judge""|""decorative""|""sweet 16 cake""|""bow""|""cakes""",2734361,58264,1265,3625,https://i.ytimg.com/vi/o7Ax6SRTGks/default.jpg,False,False,False,"Who will be victorious?\n\nCheck out more awesome videos at BuzzFeedVideo!\nhttps://bit.ly/YTbuzzfeedvideo\nhttps://bit.ly/YTbuzzfeedblue1\nhttps://bit.ly/YTbuzzfeedviolet\n\nGET MORE BUZZFEED:\nhttps://www.buzzfeed.com\nhttps://www.buzzfeed.com/videos\nhttps://www.youtube.com/buzzfeedvideo\nhttps://www.youtube.com/boldly\nhttps://www.youtube.com/buzzfeedblue\nhttps://www.youtube.com/buzzfeedviolet\nhttps://www.youtube.com/perolike\nhttps://www.youtube.com/ladylike\n\nBuzzFeedVideo\nBuzzFeed Motion Picture’s flagship channel. Sometimes funny, sometimes serious, always shareable. New videos posted daily!\n\nMUSIC\nLicensed via Audio Network\nSFX Provided By AudioBlocks\n(https://www.audioblocks.com)\n\nSTILLS\n/BuzzMoji\ntextured paper with halftone gradient\nbillnoll/Getty Images\nStar Ribbon Icon on Black and White Vector Backgrounds\nbubaone/Getty Images\n\nCredits: https://www.buzzfeed.com/bfmp/videos/43419\n\nEXTERNAL CREDITS\nBree Miller\nhttps://www.instagram.com/breescakes/?hl=en",US
Fj3euSYAtnc,18.24.06,BTS (방탄소년단) - Airplane pt.2 @BTS COMEBACK SHOW,BANGTANTV,10,Music,True,2018-05-24T13:30:04.000Z,"방탄소년단|""BTS""|""BANGTAN""|""HIPHOP""|""랩몬스터""|""RapMonster""|""슈가""|""SUGA""|""제이홉""|""jhope""|""지민""|""JIMIN""|""뷔""|""정국""|""JUNGKOOK""|""진""|""JIN""",5414339,571108,1976,32400,https://i.ytimg.com/vi/Fj3euSYAtnc/default.jpg,False,False,False,BTS Official Homepage http://bts.ibighit.comBTS Blog http://btsblog.ibighit.comBTS Facebook https://www.facebook.com/bangtan.official,US
e77J4g0LMOk,18.25.06,Little Mix bring the Power & CNCO to The X Factor Final! | Final | The X Factor 2017,The X Factor UK,24,Entertainment,True,2017-12-03T19:47:01.000Z,"the x factor|""x factor""|""X factor UK""|""x factor 2017""|""simon cowell""|""nicole""|""sharon""|""louis""|""talent""|""auditions""|""judges""|""season 14""|""series 14""|""X Factor UK 2017""|""X Factor 2017 audition""|""The x factor 2017""|""XFactor 2017""|""itv""",4695293,158565,3417,0,https://i.ytimg.com/vi/e77J4g0LMOk/default.jpg,True,False,False,"Visit the official site: http://itv.com/xfactor\n\nCalling all Mixers... Our girls are back where it all began to show the Contestants exactly what it takes to become winners!\n \nWatch as they team up with CNCO and treat us to a mash-up of Power/Reggaeton Lento. Needless to say, they’re bringing ALL of the sass!\n\nSUBSCRIBE: http://bit.ly/TXFSub\nFacebook: http://bit.ly/TXFFB\nTwitter: http://bit.ly/TXFTwi\nDownload The X Factor mobile app: http://bit.ly/TXFapp\nWatch full episodes on ITV Hub (UK ONLY): http://www.itv.com/hub/the-x-factor",US
-o7zywbiFVI,18.15.06,Celebrity Chef Mario Batali Accused Of Sexual Misconduct | Velshi & Ruhle | MSNBC,MSNBC,25,News & Politics,True,2017-12-11T17:21:17.000Z,"MSNBC|""news channel""|""news station""|""newspaper""|""breaking news""|""us news""|""world news""|""politics""|""current events""|""top stories""|""pop culture""|""health""|""liberal""|""progressive""|""cable""|""cable news""|""Velshi & Ruhle""|""Ali Velshi""|""Stephanie Ruhle""|""business""|""MSNBC LIVE""|""mario batali""|""celebrity chef mario batali sexual misconduct""|""mario batali sexual misconduct accusation""|""sexual harassment""|""the chew""|""mario batali accused""|""chef mario batali""|""celebrity chef""|""mario batali sexual harassment""",49761,350,184,517,https://i.ytimg.com/vi/-o7zywbiFVI/default.jpg,False,False,False,"Celebrity Chef Mario Batali has been accused of sexual misconduct. The time span of these allegations is at least two decades.\n\n» Subscribe to MSNBC: http://on.msnbc.com/SubscribeTomsnbc\n\nAbout: MSNBC is the premier destination for in-depth analysis of daily headlines, insightful political commentary and informed perspectives. Reaching more than 95 million households worldwide, MSNBC offers a full schedule of live news coverage, political opinions and award-winning documentary programming -- 24 hours a day, 7 days a week.\n\nConnect with MSNBC Online\nVisit msnbc.com: http://on.msnbc.com/Readmsnbc\nFind MSNBC on Facebook: http://on.msnbc.com/Likemsnbc\nFollow MSNBC on Twitter: http://on.msnbc.com/Followmsnbc\nFollow MSNBC on Google+: http://on.msnbc.com/Plusmsnbc\nFollow MSNBC on Instagram: http://on.msnbc.com/Instamsnbc\nFollow MSNBC on Tumblr: http://on.msnbc.com/LeanWithmsnbc\n\nCelebrity Chef Mario Batali Accused Of Sexual Misconduct | Velshi & Ruhle | MSNBC",US
ulCdoCfw-bY,18.16.06,The Black Hole Bomb and Black Hole Civilizations,Kurzgesagt – In a Nutshell,27,Education,True,2018-04-22T12:02:17.000Z,"black hole|""supermassive black hole""|""dyson sphere""|""physics""|""superradiative scattering""|""black hole bomb""|""satire""|""future""|""far future""|""space""|""universe""|""humanity""|""superweapon""|""funny""|""space travel""|""star""|""penrose process""|""in a nutshell""|""kurzgesagt""",3154240,170938,1694,11942,https://i.ytimg.com/vi/ulCdoCfw-bY/default.jpg,False,False,False,"To support Kurzgesagt and learn more about Brilliant, go to https://www.brilliant.org/nutshell and sign up for free. The first 688 people that go to that link will get 20% off the annual Premium subscription.\n\nKurzgesagt Newsletter: http://eepurl.com/cRUQxz\n\nSupport us on Patreon so we can make more videos (and get cool stuff in return): https://www.patreon.com/Kurzgesagt?ty=h\n\nKurzgesagt merch: http://bit.ly/1P1hQIH\n\nSoundcloud: https://bit.ly/2JhMwdR\nBandcamp: https://bit.ly/2F5unOc\nFacebook: https://bit.ly/2GIoZlH\n\nMichael Watson, Christos Kantas, master994, Patrick Norman, Ajay Panicker, Ali B, khl4us, Eduardo Ornelas, David Mendez, Ozaiy, Devin Bray, Jimmy Jimenez, Bryant Gabriel, Warp Institute, Ezgi Ceylan, Kaliam, Corcoran Smith, Grzegorz Matczak, Scott Enand, Martin Westphal, cagedmoney, Tanner Wildauer, Alex Hamil, hbarsquared, NetherLynx, Max Hermann, Drouhet, Grace McFarland, David Engel, Simone Ramello, Kevin Luther, Jacob Johnson, Jeffrey Mathis, Jeffrey Blatt, Robert R., Conner Martin, John J., Colin O, Marco Ehrler, Kevin Tavarez, Dolphin, Andrew Gozzard, Ivan Galinskiy, Alexis Osipenco, Kerstin Bo, Moonyoung Lee, Oliver Clark, Alex Gorstan, Mehmed Mutapcic, Ben Stewart, Alexander Frase, Zain, junsuim, Nikita Kulakov, Benjamin Ulseth, Daniel Rapp, Benjamin Hibbert, Mingyi Cisar, Ginomari Rallos, William Corrigan, Jerremy Goris, Greg Levy, Jan Dvořák, Ian Dejong, Jas Sun, Matthew Caruso, Ed Barmettler, Ben Ray, Tom Trval, Aliouch, bryce Kolton, Dallas Nolen, Rashmi Mallik, 804R, Avi Botbol, Дмитрий Созинов, FOXFYRE, Hamza, Martin Hult\n\nHelp us caption & translate this video!\n\nhttp://www.youtube.com/timedtext_cs_panel?c=UCsXVk37bltHxD1rDPwtNM8Q&tab=2\n\nThe Black Hole Bomb and Black Hole Civilizations",US
SFr0fCgrTNQ,18.17.06,10 Crazy eBay Items!,Matthias,24,Entertainment,True,2017-11-29T23:30:00.000Z,"ebay|""buying ebay""|""ebay shopping""|""mystery unboxing""|""mystery box""|""opening""|""tech""|""ebay haul""|""magic trick""|""gag gift""|""top 5""|""top 10""|""unboxing""|""gadgets""|""gift ideas""|""no swearing""|""no cursing""|""family friendly""|""Hi5 Studios""|""Hi 5 Studios""|""Hi5""|""Matthias""|""Matthiasiam""|""Mathias""|""comedy""|""unbox""|""reacting to""|""test""|""strange products""|""eBay""|""kid friendly""|""real reaction""|""#M763""|""ebay items""|""mini flame thrower""|""weird things you can buy""|""black friday deals""|""funny reactions""|""crazy toys""|""cool tech gadgets""",1288373,85126,1223,9072,https://i.ytimg.com/vi/SFr0fCgrTNQ/default.jpg,False,False,False,"Today I unbox products that we found on eBay.com, including a REAL handheld flamethrower! Join me as I put these weird and hilarious products to the test in order to see if they were really worth their money! Do YOU think any of these eBay items are worth buying?\n\nWant your product to possibly be featured in an upcoming episode? Send your product to:\nMatthias “Submissions 24307 Magic Mountain Pkwy Box #617\nValencia, CA 91355\n\nClick here to check out our merch! ➡ http://Teespring.com/stores/matthias\n\n⬇️ FOLLOW ME! ⬇️\n\nMatthias' Vlogs ➡ http://www.youtube.com/onetoomany\n\nTWITTER ➡ http://bit.ly/MatthiasTwitter\n\nINSTAGRAM ➡ http://bit.ly/MatthiasInsta\n\n⬇️ CHECK OUT MY OTHER SERIES ⬇️\n\nTech Gadgets! ➡ https://www.youtube.com/playlist?list=PL15dtrx_ng4RZH3aop96cWRW7CZU-uqDe\n\neBay Products! ➡ https://www.youtube.com/watch?v=hTypEDOjACw&list=PL15dtrx_ng4QdiYSImFRcgPCGjz0BwMAM\n\nDOPE or NOPE! ➡ https://www.youtube.com/playlist?list=PL15dtrx_ng4QiBZll2i6v1zab_4gAGdGH\n\nStrange Chinese Products! ➡ https://www.youtube.com/playlist?list=PL15dtrx_ng4TjAqiZC57Rbt6po770koAR\n\nStrange Walmart Items ➡ https://www.youtube.com/watch?v=heIeCsyzUNc&list=PL15dtrx_ng4Sf6qE3iVX3NAj240-MY3MC\n\nStrange Amazon Products! ➡ https://www.youtube.com/playlist?list=PL15dtrx_ng4Re8uHiuotJvXd_eGCfezoy\n\nStrange Dollar Store Items ➡ https://www.youtube.com/playlist?list=PL15dtrx_ng4Tqcw2GVq08SZw7LBh_qcWX",US
HrQNdClwMs4,18.18.06,DIY GIANT McDONALDS HASH BROWN 🍟 - VERSUS,HellthyJunkFood,24,Entertainment,True,2018-05-13T13:00:01.000Z,"mcdonalds hashbrown|""mcdonalds""|""hash brown""|""mcdonalds hash browns""|""giant hash brown""|""giant hashbrown""|""world's largest hash brown""|""diy mcdonalds hash brown""|""diy mcdonald's french fries""|""mcdonald's fries""|""secret mcdonald's recipe""|""mcdonald's recipe""|""diy mcdonalds""",1957964,25829,2643,3698,https://i.ytimg.com/vi/HrQNdClwMs4/default.jpg,False,False,False,SUBSCRIBE HERE ➡️ https://goo.gl/CitGia2ND CHANNEL ➡️ https://goo.gl/4HUP8JWe came up with a spot on recipe that literally taste exactly the same as the McDonalds hash brown.  Make one for yourself and let us know what you think!ONLINE STORE:http://bit.ly/HJFShopTHINGS YOU’LL NEED:Deep Fryer: http://amzn.to/2nHDBe6Food Processor: http://amzn.to/1M9eyFcGloves: https://amzn.to/2pIg0JKCutting Board:  http://bit.ly/2Eyhr3RApron:  http://bit.ly/2Ez9Cz0FULL RECIPE DETAILS:http://www.hellthyjunkfood.com/giant-hashbrown/🍔Social Media Links🍔  @HellthyJunkFoodhttp://www.facebook.com/hellthyjunkfoodhttp://www.instagram.com/hellthyjunkfoodhttp://www.twitter.com/hellthyjunkfoodhttp://www.patreon.com/hellthyjunkfoodhttp://www.twitch.com/hellthyjunkfoodSnapchat - HellthyJunkFoodMusic - Epidemic Sound,US
MSzytvDsPfo,18.19.06,Cut for Time: Hallmark Channel Christmas Promo (James Franco) - SNL,Saturday Night Live,24,Entertainment,True,2017-12-21T19:05:06.000Z,"snl|""saturday night live""|""snl season 43""|""cut for time""|""James Franco""|""Kate McKinnon""|""Alex Moffat""|""Melissa Villasenor""|""Luke Null""|""Chris Redd""|""Pete Davidson""|""s43""|""s43e8""|""episode 8""|""live""|""new york""|""comedy""|""sketch""|""funny""|""hilarious""|""late night""|""host""|""music""|""guest""|""laugh""|""impersonation""|""actor""|""improv""|""musician""|""producer""|""director""|""The Disaster Artist""|""Pineapple Express""|""Future World""|""Sausage Party""|""Seth Rogan""|""SZA""|""hallmark""",1082383,14146,594,773,https://i.ytimg.com/vi/MSzytvDsPfo/default.jpg,False,False,False,From the company that writes one-sentence greeting cards comes 21 full-length movies.\n\n#SNL #SNL43\n\nGet more SNL: http://www.nbc.com/saturday-night-live\nFull Episodes: http://www.nbc.com/saturday-night-liv...\n\nLike SNL: https://www.facebook.com/snl\nFollow SNL: https://twitter.com/nbcsnl\nSNL Tumblr: http://nbcsnl.tumblr.com/\nSNL Instagram: http://instagram.com/nbcsnl \nSNL Pinterest: http://www.pinterest.com/nbcsnl/,US
V_jU_ssWvc4,18.20.06,Anderson Cooper and Andy Cohen Met on a Failed Blind Date,The Tonight Show Starring Jimmy Fallon,23,Comedy,True,2017-12-23T12:00:03.000Z,"The Tonight Show|""Jimmy Fallon""|""Anderson Cooper""|""Andy Cohen""|""Met""|""Failed""|""Blind Date""|""NBC""|""NBC TV""|""Television""|""Funny""|""Talk Show""|""comedic""|""humor""|""snl""|""Fallon Stand-up""|""Fallon monologue""|""tonight""|""show""|""jokes""|""funny video""|""interview""|""variety""|""comedy sketches""|""talent""|""celebrities""|""video""|""clip""|""highlight""|""New Year's Eve""|""Vanderbuilt""|""child model""|""paper route""|""TSA""|""Queen Elizabeth""|""track suit""|""arctic boot""|""CNN""",525233,6798,1906,1742,https://i.ytimg.com/vi/V_jU_ssWvc4/default.jpg,False,False,False,"Anderson Cooper and Andy Cohen chat with Jimmy about their failed romantic connection that led to a longtime friendship, call each other out for odd travel habits and practice ringing in the new year.\n\nSubscribe NOW to The Tonight Show Starring Jimmy Fallon: http://bit.ly/1nwT1aN\n\nWatch The Tonight Show Starring Jimmy Fallon Weeknights 11:35/10:35c\nGet more Jimmy Fallon: \nFollow Jimmy: http://Twitter.com/JimmyFallon\nLike Jimmy: https://Facebook.com/JimmyFallon\n\nGet more The Tonight Show Starring Jimmy Fallon: \nFollow The Tonight Show: http://Twitter.com/FallonTonight\nLike The Tonight Show: https://Facebook.com/FallonTonight\nThe Tonight Show Tumblr: http://fallontonight.tumblr.com/\n\nGet more NBC: \nNBC YouTube: http://bit.ly/1dM1qBH\nLike NBC: http://Facebook.com/NBC\nFollow NBC: http://Twitter.com/NBC\nNBC Tumblr: http://nbctv.tumblr.com/\nNBC Google+: https://plus.google.com/+NBC/posts\n\nThe Tonight Show Starring Jimmy Fallon features hilarious highlights from the show including: comedy sketches, music parodies, celebrity interviews, ridiculous games, and, of course, Jimmy's Thank You Notes and hashtags! You'll also find behind the scenes videos and other great web exclusives.\n\nAnderson Cooper and Andy Cohen Met on a Failed Blind Date\nhttp://www.youtube.com/fallontonight",US
TTogFxTu_vA,18.21.06,This Giant Kielbasa Helped a Michelin-starred Restaurant Start Buying Whole Animals — Prime Time,Eater,26,Howto & Style,True,2018-04-09T14:00:03.000Z,"kielbasa|""michelin starred""|""michelin""|""michelin star""|""michelin star restaurants""|""michelin star food""|""michelin star chef""|""sausage""|""polish sausage""|""polish""|""kielbasa sausage""|""how to make kielbasa""|""michelin guide""|""polska kiełbasa""|""sausage making""|""michelin food""|""gramercy tavern""|""the meat hook""|""the meat show""|""ben turley""|""brent young""|""eater""|""eater.com""|""food""|""restaurant""|""dining""|""dish""|""foodie""|""chef""|""food porn""",465368,4441,524,548,https://i.ytimg.com/vi/TTogFxTu_vA/default.jpg,False,False,False,"Is this sausage crying cheese?\nSubscribe to our YouTube Channel! http://goo.gl/hGwtF0\n\nOn this episode of Prime Time, Ben Turley and Brent Young, owners of The Meat Hook in Brooklyn, hang out with their old friend Paul Wetzel, the master charcuterie at Gramercy Tavern. Paul explains to the guys how value-add products like the giant kielbasa were crucial in the creation of Gramercy's whole animal program. \n\nEater is the one-stop-shop for food and restaurant obsessives across the country. With features, explainers, animations, recipes, and more — it’s the most indulgent food content around. So get hungry.",US
1purAy2MsOc,18.22.06,22 Years of Life Milestone,TheOdd2sOut,23,Comedy,True,2018-05-14T19:36:05.000Z,"Birthday|""rice""|""cake""|""one million""|""Milestone""",976989,87452,720,25319,https://i.ytimg.com/vi/1purAy2MsOc/default.jpg,False,False,False,Thanks for an amazing year!(Im pretty behind on my next video.....)SomeThingElseYT: https://www.youtube.com/c/SomeThingElseYT,US
qT0mpVcH3ZU,18.23.06,"New Year, New Me | Rudy Mancuso & Stephen Curry",Rudy Mancuso,23,Comedy,True,2018-01-04T19:50:16.000Z,"Brita|""brita stream""|""brita filter""|""water filter""|""rudy""|""rudy mancuso""|""rudy brita""|""steph curry""|""birta""|""stephen curry""|""new year resolution""|""new year’s resolution""|""goals""|""music video""|""parody video""|""filtered life""|""filteredlife""|""stephen curry singing""|""steph curry singing""|""rudy singing""|""rudy mancuso singing""|""parody music video""|""comedy""|""humor""|""nba""|""pizza delivery""|""oakland""|""warriors""|""rudy girlfriend""|""rudy mancuso girlfriend""|""rudy gf""|""filter""|""sketch""|""basketball""|""Golden State""",2307087,137870,2549,6149,https://i.ytimg.com/vi/qT0mpVcH3ZU/default.jpg,False,False,False,Thank you Stephen Curry for bringing in the New Year with me. 2018 is going to be great. And thank you Brita for sponsoring this video and for the delicious water. #ad #FilteredLife \n\nCheck out Brita Stream at http://britafi.lt/nkioBE \n\nWATCH MY PREVIOUS VIDEO ▶ https://youtu.be/kC6a1yNEWj4\n\nSUBSCRIBE ► https://www.youtube.com/channel/UC5jkXpfnBhlDjqh0ir5FsIQ?sub_confirmation=1\n\nTHANKS FOR WATCHING! LIKE & SUBSCRIBE FOR MORE VIDEOS!\n\nProduced by Portal A \n-----------------------------------------------------------\nFIND ME ON: \nInstagram | http://instagram.com/rudymancuso\nTwitter | http://twitter.com/rudymancuso\nFacebook | http://facebook.com/rudymancuso\n\nSTEPHEN CURRY:\nInstagram |  https://instagram.com/stephencurry30\nTwitter | http://twitter.com/stephencurry30\nFacebook | https://facebook.com/StephenCurryOfficial\n\nShots Studios Channels:\nAlesso | https://youtube.com/c/alesso\nAnitta | http://youtube.com/c/anitta\nAnwar Jibawi | http://youtube.com/c/anwar\nAwkward Puppets | http://youtube.com/c/awkwardpuppets\nHannah Stocking | http://youtube.com/c/hannahstocking\nInanna Sarkis | http://youtube.com/c/inanna\nLele Pons | http://youtube.com/c/lelepons\nMaejor | http://youtube.com/c/maejor\nMike Tyson | http://youtube.com/c/miketyson \nRudy Mancuso | http://youtube.com/c/rudymancuso\nShots Studios | http://youtube.com/c/shots\n\n#Rudy\n#RudyMancuso\n#StephenCurry\n#Brita,US
Zn99TMv0vac,18.24.06,Answering the Call,Verizon,28,Science & Technology,True,2018-02-05T01:40:15.000Z,"Verizon|""first responders""|""rescue""|""natral disaster""|""all our thanks""|""Super Bowl""|""wireless""|""phone""|""cell phone""|""phone plan""|""unlimited""|""Super Bowl 52""|""Cedricka""|""Quincy Fire Department""|""Abby Ward""|""Wayne Bassham""|""hiking""|""Barrett family""|""Cypress""|""Huricane Harvey""|""Hurricane""|""Houston""|""Houston strong""|""Ryan Chapin""|""Joe Clopton""|""Pisanos""|""freeway plane crash""|""Mike Macalinao""|""Partida family""|""Murietta""|""Murietta flood""|""DeKalb County""|""Ragland""|""Peckrul""|""crash""|""Justin TImberlake""|""fire""",122141,841,250,100,https://i.ytimg.com/vi/Zn99TMv0vac/default.jpg,False,False,False,"First responders have some of the most important jobs in America. And yet, they don’t always get the thanks they deserve; many survivors never get the chance to say thank you to the first responders who helped them. Verizon connected first responders and the people they rescued for a chance to finally say thank you. These emotional reunions are a reminder that first responders everywhere deserve all our thanks, for all that they do. See more stories and help us thank first responders at https://allourthanks.com.",US
UZ47aQFp2TQ,18.25.06,ELDERS REACT TO WALMART YODEL BOY,FBE,24,Entertainment,True,2018-05-04T21:00:00.000Z,"walmart yodel boy|""walmart yodel kid""|""mason ramsey""|""ELDERS REACT TO WALMART YODEL BOY""|""elders react""|""react""|""reaction""|""thefinebros""|""fine brothers""|""fine brothers entertainment""|""finebros""|""fine bros""|""FBE""|""watch""|""review""|""for the first time""|""reviews""|""responds""|""respond""|""youtubers react""|""teens react""|""kids react""|""adults react""|""parents react""|""teenagers react""|""famous""|""walmart kid""|""yodel kid""|""yodel boy""",1761886,34692,2184,6109,https://i.ytimg.com/vi/UZ47aQFp2TQ/default.jpg,False,False,False,"Walmart Yodel Boy reacted to by Elders! Watch to see their reaction!Subscribe to Mason Ramsey! https://www.youtube.com/channel/UCQxyZPb2MlofSRStZw_rNPQWatch all main React episodes (Kids/Teens/Elders/Adults/YouTubers): http://goo.gl/4iDVaSUBSCRIBE THEN HIT THE 🔔! New Videos 2pm PST on FBE! http://goo.gl/aFu8CWatch latest videos from FBE: https://goo.gl/aU5PSmElders React to the Walmart Yodel Boy! Watch to see their Reactions!Conent featured: Boy Sings Out in Walmart || ViralHoghttps://youtu.be/jlmNwjdYVnkWalmart Yodeling Kid (Paul Gannon Remix)https://goo.gl/7Ek2ZjWALMART YODELING BOY (Sam F Trap Remix)https://goo.gl/wXXBEYhttps://twitter.com/verysmallriver/status/980483937473613825https://twitter.com/kimmystrongarms/status/979956936518062080https://twitter.com/aprillambcrt/status/980664014828195840https://twitter.com/blogboysHQ/status/982123726568243200Mason Ramsey - Famous [Lyric Video]https://goo.gl/9G5nYCYOUTUBERS REACT TO WALMART YODEL BOYhttps://goo.gl/mvgaiZElders featured in this episode: Donhttps://twitter.com/donwblockerElizabethGracelynJenniferJosieMarkMelvinNormanSteveMERCH 👕 https://www.shopfbe.comFollow Fine Brothers Entertainment:FBE WEBSITE: http://www.finebrosent.comFBE CHANNEL: http://www.youtube.com/FBEREACT CHANNEL: http://www.youtube.com/REACTBONUS CHANNEL: https://www.youtube.com/FBE2FACEBOOK: http://www.facebook.com/FBEFACEBOOK: http://www.facebook.com/FBEShowsTWITTER: http://www.twitter.com/fbeINSTAGRAM: http://www.instagram.com/fbeSNAPCHAT: https://www.snapchat.com/add/finebrosSOUNDCLOUD: https://soundcloud.com/fbepodcastiTUNES (Podcast): https://goo.gl/DSdGFTGOOGLE PLAY (Podcast): https://goo.gl/UhL6bkMUSICAL.LY: @fbeTWITCH: https://www.twitch.tv/fbeliveAMAZON: https://www.amazon.com/v/FBESEND US STUFF:FBEP.O. BOX 4324Valley Village, CA 91617-4324Creators & Executive Producers - Benny Fine & Rafi FineHead of Production - Nick BergtholdDirector of Production - Drew RoderDirector of Post Production - Adam SpeasSupervising Producer - Kyle SegalProducer - Ethan WeiserAssociate Producer - Vartuhi Oganesyan, JC ChavezProduction Coordinator - Cynthia GarciaAssistant Production Coordinator - Kristy KieferPost Supervisor - David ValbuenaEditor - Cara BomarAssistant Editor - Nicole Worthington, Lizzy SiskindProduction Assistant - Lauren Hutchinson, Oscar Ramos, Kyllis Jahn,Stephen Miller, Jayden RomeroStudio Technician - Josh HiltonMusic - Cormac Bluestone http://www.youtube.com/cormacbluestone© Fine Brothers Entertainment.Elders React #147 - ELDERS REACT TO WALMART YODEL BOY",US
SkcucKDrbOI,18.15.06,HOW TO TRAIN YOUR DRAGON: THE HIDDEN WORLD | Official Trailer,DreamWorksTV,24,Entertainment,True,2018-06-07T14:30:03.000Z,"DreamWorksTV|""DreamWorks Animation""|""YouTube Kids""|""Official Trailer""|""Trailer""|""Official""|""Dragon""|""Hiccup""|""Toothless""|""Gerard Butler""|""Jonah Hill""|""Christopher Mintz-Plasse""|""T.J. Miller""|""Kristen Wiig""|""animation""|""movie""|""film""|""How To Train Your Dragon""|""How To Train Your Dragon 2""|""Teaser Trailer""|""Dragons 3""|""How To Train Your Dragon trailer""|""HTTYD""|""HTTYD3""|""Dragons 3 trailer""|""Jay Baruchel""|""America Ferrera""|""Cate Blanchett""|""Kit Harrington""|""Craig Ferguson""|""F. Murray Abraham""",3733256,75328,1337,11126,https://i.ytimg.com/vi/SkcucKDrbOI/default.jpg,False,False,False,"Website: https://www.howtotrainyourdragon.comFacebook: https://www.facebook.com/HowToTrainYourDragon/Twitter: https://www.twitter.com/dwanimationInstagram: https://www.instagram.com/httydragon/From DreamWorks Animation comes a surprising tale about growing up, finding the courage to face the unknown…and how nothing can ever train you to let go.  What began as an unlikely friendship between an adolescent Viking and a fearsome Night Fury dragon has become an epic adventure spanning their lives.  Welcome to the most astonishing chapter of one of the most beloved animated franchises in film history: How to Train Your Dragon: The Hidden World.  Now chief and ruler of Berk alongside Astrid, Hiccup has created a gloriously chaotic dragon utopia.  When the sudden appearance of female Light Fury coincides with the darkest threat their village has ever faced, Hiccup and Toothless must leave the only home they’ve known and journey to a hidden world thought only to exist in myth.  As their true destines are revealed, dragon and rider will fight together—to the very ends of the Earth—to protect everything they’ve grown to treasure.For How to Train Your Dragon: The Hidden World, series director Dean DeBlois returns alongside the all-star cast.  The film is produced by Brad Lewis (Ratatouille, ANTZ) and Bonnie Arnold (Toy Story, How to Train Your Dragon,How to Train Your Dragon 2).Follow DreamWorksTV! instagram - https://instagram.com/dreamworkstv/twitter - https://twitter.com/dreamworkstvfacebook - https://www.facebook.com/dreamworkstvJoin the fun on DreamWorksTV where you can find an endless supply of laugh-out-loud jokes, lovable characters, life hacks, music, magic, gaming and more! Get crafty with our DIY hacks, sing along to today’s catchiest songs, surprise your friends with clever magic tricks, and learn all the best video game tips and tricks. DreamWorksTV has it all, made just for kids! Check back daily for new episodes and don’t forget to follow us on Facebook and Instagram. → Watch Something New! ← http://bit.ly/1L3zRrF→ SUBSCRIBE TO DreamWorksTV! ← http://bit.ly/1kulRcU",US
YML2DM0K8DQ,18.16.06,Keith Urban - Coming Home (Lyric Video) ft. Julia Michaels,KeithUrbanVEVO,10,Music,True,2018-03-21T04:00:01.000Z,"Keith|""Urban""|""Coming""|""Home""|""Capitol""|""Nashville""|""Country""",845718,8756,795,350,https://i.ytimg.com/vi/YML2DM0K8DQ/default.jpg,False,False,False,"Purchase Keith Urban’s latest music: http://umgn.us/keithurbanpurchase\nStream the latest from Keith Urban: http://umgn.us/keithurbanstream\nSign up to receive email updates from Keith Urban: http://umgn.us/keithurbanupdates\n\nWebsite: http://keithurban.net/\nFacebook: https://www.facebook.com/keithurban\nInstagram: http://instagram.com/KeithUrban\nTwitter: https://twitter.com/keithurban\n\nMusic video by Keith Urban performing Coming Home. © 2018 Hit Red Records, under exclusive license to UMG Recordings, Inc.\n\nhttp://vevo.ly/SWz4jM",US
lrWRy9BBp-c,18.17.06,ELDERS REACT TO UGANDAN KNUCKLES MEMES,FBE,24,Entertainment,True,2018-01-19T22:00:02.000Z,"ugandan knuckles memes|""ugandan knuckles""|""uganda knuckles""|""ELDERS REACT TO UGANDAN KNUCKLES MEMES""|""elders react""|""react""|""reaction""|""thefinebros""|""fine brothers""|""fine brothers entertainment""|""finebros""|""fine bros""|""FBE""|""watch""|""review""|""for the first time""|""reviews""|""responds""|""respond""|""youtubers react""|""teens react""|""kids react""|""adults react""|""parents react""|""teenagers react""|""do you know the way""|""do you know de wey""|""you do not know de wey""|""you do not know the way""|""de way memes""",2885259,74767,6912,13385,https://i.ytimg.com/vi/lrWRy9BBp-c/default.jpg,False,False,False,"Ugandan Knuckles Memes reacted to by Elders! Original links below! \nWatch all main React episodes (Kids/Teens/Elders/Adults/YouTubers): http://goo.gl/4iDVa\nSUBSCRIBE THEN HIT THE 🔔! New Videos 2pm PST on FBE! http://goo.gl/aFu8C\nWatch latest videos from FBE: https://goo.gl/aU5PSm\n\nContent featured in this episode: \nYOU DO NOT KNOW THE WAY\nhttps://goo.gl/scCgQ4\n\nUgandan Knuckles Tribe\nhttps://goo.gl/Rnir34\n\nStar Wars\nhttps://twitter.com/UgandaKnuckles/status/951451398742446081\n\nDo You Know Da Wae - (OFFICIAL MUSIC VIDEO) Ft. Ugandan Knuckles\nhttps://goo.gl/Ktc9rX\n\nReligious Humor\nhttps://www.instagram.com/p/BeBgOJilTsX/?tagged=ugandanknuckles\n\nFinding Dory....No Finding DaWae\nhttps://www.instagram.com/p/BeBfvCNB9zZ/?tagged=ugandanknuckles\n\nWhey, protein\nhttps://twitter.com/search?q=ugandaknuckles&src=typd\n\nGirlfriend vs. Ugandan Knuckles\nhttps://twitter.com/UgandaKnuckles/status/951797794519638017\n\nFBE’s goal is to credit the original links to the content featured in its shows. If you see incorrect or missing attribution please reach out to credits@fbeteam.com\n\nThis episode features the following Elders:\nDavid\nDon\nhttps://twitter.com/donwblocker\nElizabeth\nLibby\nhttps://twitter.com/earfrog\nLloyd\nPeggy\nRobert\nhttps://www.youtube.com/c/Robgoldston\nRock\nShirley\nhttps://www.youtube.com/channel/UCZpsFbLerVGgsBW3usB7gHw\n\nMERCH 👕 https://www.shopfbe.com\n\nFollow Fine Brothers Entertainment:\nFBE WEBSITE: http://www.finebrosent.com\nFBE CHANNEL: http://www.youtube.com/FBE\nREACT CHANNEL: http://www.youtube.com/REACT\nBONUS CHANNEL: https://www.youtube.com/FBE2\nFACEBOOK: http://www.facebook.com/FBE\nFACEBOOK: http://www.facebook.com/FBEShows\nTWITTER: http://www.twitter.com/fbe\nINSTAGRAM: http://www.instagram.com/fbe\nSNAPCHAT: https://www.snapchat.com/add/finebros\nSOUNDCLOUD: https://soundcloud.com/fbepodcast\niTUNES (Podcast): https://goo.gl/DSdGFT\nGOOGLE PLAY (Podcast): https://goo.gl/UhL6bk\nMUSICAL.LY: @fbe\n\nSEND US STUFF:\nFBE\nP.O. BOX 4324\nValley Village, CA 91617-4324\n\nCreators & Executive Producers - Benny Fine & Rafi Fine\nHead of Post Production - Nick Bergthold\nSr.  Associate Producer - Kyle Segal\nAssociate Producer - Ethan Weiser, Vartuhi Oganesyan\nJr. Associate Producer - JC Chavez\nProduction Coordinator - Cynthia Garcia\nStudio Technician - Josh Hilton\nProduction Assistant - Kenira Moore, Lauren Hutchinson, Oscar Ramos,\nKyllis Jahn, Stephen Miller, Jayden Romero\nEditor - Jordan Towles, Zach Butler\nAssistant Editor - Karen Rivas, Nicole Worthington\nDirector of Production - Drew Roder\nAssistant Production Coordinator - Kristy Kiefer\nPost Supervisor - Adam Speas, David Valbuena\nMusic - Cormac Bluestone http://www.youtube.com/cormacbluestone\n\n© Fine Brothers Entertainment.\n\nElders React #135 - ELDERS REACT TO UGANDAN KNUCKLES MEMES",US
tpa4kp4lK60,18.18.06,I have a brain tumor.,Simone Giertz,28,Science & Technology,True,2018-04-30T15:28:50.000Z,[none],2865758,248715,3720,48389,https://i.ytimg.com/vi/tpa4kp4lK60/default.jpg,False,False,False,"Curve ball from life! Everything still feels pretty surreal, but I'm getting through it. Queue jokes about shitty brain surgery robots.👇 places where I post stuff 👇TWITTER: http://twitter.com/simonegiertzFACEBOOK: https://www.facebook.com/simonegiertz/INSTAGRAM: https://instagram.com/simonegiertz/PO BOX: 60 29th St.  Suite #217, San Francisco, CA 94110",US
ijUK3z5rt5s,18.19.06,I said Gucci Gang 1000000 Times. Here are the last 1000.,Graham The Christian,23,Comedy,True,2018-01-14T06:22:22.000Z,"red nose day|""gucci gang""|""gucci gang stream""|""graham the christian""|""gucci gang 1000000""|""saying gucci gang 1000000 times for charity""",2139663,62915,7659,15208,https://i.ytimg.com/vi/ijUK3z5rt5s/default.jpg,False,False,False,"All proceeds from this stream went to https://rednoseday.org/. You can still donate: https://rednoseday.org/graham\n\nQnA: \nWhy Red Nose Day?\nI live in the United States and have been working with children in programs around Chicago for a good part of my life. Red Nose Day is a reputable charity that helps children in poverty--the exact demographic that I've worked with. These children are primarily in the United States. They serve meals, provide essential medical services, help educate and house those who need it. \n\nWhy the phrase “Gucci Gang”?\nGucci Gang is an extremely relevant and popular song/phrase at the moment. It (was) fun to say and is catchy.\n\nDo you have a life?\nNo.\n\nWhy did you do this?\nI’ve done these kinds of streams before, but I wanted to attempt something a little more ambitious. \n\nAll revenue generated by advertisements on this video will be donated monthly to https://rednoseday.org/",US
WCKG9J1d5iE,18.20.06,Major bank ends long-time partnership with NRA,Fox Business,25,News & Politics,True,2018-02-23T16:06:15.000Z,"Cheryl Casone|""Tracee Carrasco""|""Fbn Am""|""Apple News""|""Financial Services""|""Industries""|""On Air""|""Personality""|""Special""|""Fox Business""",31798,447,475,928,https://i.ytimg.com/vi/WCKG9J1d5iE/default.jpg,False,False,False,FBN's Tracee Carrasco on the First National Bank of Omaha's decision to discontinue its NRA-branded Visa credit card.,US
XCrJ3NflOpE,18.21.06,A New View of the Moon,To Scale:,28,Science & Technology,True,2018-03-13T06:50:36.000Z,"moon|""telescope""|""los angeles""|""space""|""astronomy""|""sidewalk""|""prank""|""reaction""|""shock""|""amazed""|""lunar""",230399,5208,37,417,https://i.ytimg.com/vi/XCrJ3NflOpE/default.jpg,False,False,False,We took a telescope around the streets of Los Angeles to give passersby an up-close look at a familiar object: a new view of the moon.\n\nHelp us caption & translate this video!\nhttps://amara.org/v/faq9/\n\nWant to support more films like this? Consider becoming a patron: \nhttps://www.patreon.com/toscaleseries\n\nTelescope: 12 collapsible Dobsonian reflector\nEyepiece: Televue 13mm Ethos\n\nwww.WylieOverstreet.com\nwww.AlexGorosh.com,US
Evz-ZQC8wss,18.22.06,TSA Check,Studio C,23,Comedy,True,2018-03-09T23:00:01.000Z,"BYUtv|""BYU tv""|""BYUtelevision""|""Studio C""|""StudioC""|""comedy""|""sketch comedy""|""funny""|""lol""|""laugh""|""snl""|""TSA Check""|""airport""|""airplane""|""tsa""|""plane""|""travel""|""security""|""check""|""pre-check""|""danger""|""weapons""|""weapon""|""dalton johnson""|""natalie madsen""|""jason gray""|""stephen meek""|""jeremy warner""|""stacey harkey""|""aaron fielding""",439972,12086,723,1306,https://i.ytimg.com/vi/Evz-ZQC8wss/default.jpg,False,False,False,"TSA Check. Airport TSA checkpoints are no funny business. Don't even TRY to get past this security guard. \n\nBe Sure To Subscribe to Studio C ► https://goo.gl/ppFsJP\n\nBring on the laughs! Sketch comedy for everyone. Watch Studio C on YouTube.\n\nTop 15 Most Viewed Studio C Videos: https://goo.gl/FKrMuW\n\nSeason 8: https://goo.gl/Up8Jie\n\nSeason 7: https://goo.gl/CSsghg\n\nSeason 6: https://goo.gl/CYaQDG\n\nSeason 5: http://goo.gl/jo8k4z\n\nSeason 4: https://goo.gl/KUBK3e\n\nSeason 3: https://goo.gl/W3ncbe\n\nSeason 2: https://goo.gl/Swq4qh\n\nSeason 1: https://goo.gl/VeQdXX\n\nStudio C YouTu \n be Exclusives: https://goo.gl/pQ2b38\n\nWatch Studio C Mondays at 9pm ET/7pm MT on BYUtv or online here: http://byutv.org/studioc\n\nLike Studio C on Facebook: https://www.facebook.com/StudioCtv\nFollow Studio C on Instagram: http://instagram.com/studioctv\nFollow Studio C on Twitter: https://twitter.com/StudioC_tv\nPost with our official hashtag! #StudioC\n\nCast: Dalton Johnson, Natalie Madsen, Jason Gray, Stephen Meek, Stacey Harkey, Jeremy Warner and Aaron Fielding\nDirector: Jeremy Warner\nProducer: Luiz Malaman\nLine Producer: Tess Kelly\nWriter: Dalton Johnson\nEditor: Cody Phillips\n\nThanks for watching\nTSA Check",US
BPmAxzEJpWA,18.23.06,Snoop Dogg - One More Day (feat. Charlie Wilson) ft. Charlie Wilson,SnoopDoggVEVO,10,Music,True,2018-03-31T07:00:01.000Z,"All The Time Entertainment|""Gospel/Christian""|""One More Day (feat. Charlie Wilson)""|""Snoop Dogg feat. Charlie Wilson""",2472141,37097,2526,2026,https://i.ytimg.com/vi/BPmAxzEJpWA/default.jpg,False,False,False,Snoop Dogg- One More Day\n\nAvailable now:http://smarturl.it/BOLAM\nApple Music: http://smarturl.it/BOLAM\niTunes: http://smarturl.it/BOLI\nAmazon: http://smarturl.it/BOLAmazon\n\n\nConnect with Snoop Dogg\nFacebook:facebook.com/SnoopDogg\nTwitter:twitter.com/SnoopDogg\nInstagram:@SnoopDogg\nWebsite:http://www.snoopdogg.com,US
jpH-8HiMCRI,18.24.06,Deep Fried Ice Cream & Cookie Dough & Funfetti?! (What the Flavor),Clevver Style,26,Howto & Style,True,2018-04-27T15:00:06.000Z,"food|""deep fried desserts""|""fried ice cream""|""fried cookie dough""|""fried oreos""|""fried cake batter""|""fried food""|""fryer""|""how to fry""|""how to deep fry""|""funfetti""|""cookie dough""|""ice cream""|""fruity pebbles""|""deep fried""|""deep fry""|""fried""|""batter""|""recipe""|""desserts""|""clevver""|""clevver style""|""what the flavor""|""cheat day""|""cooking show""|""wtf""|""cooking""|""chef""|""food trends""|""food tutorials""|""erin robinson""|""lily marston""|""how to""|""how to cook""|""how to make""|""lifestyle""|""weird""|""diy""|""funny""|""how to deep fry ice cream""",386837,16503,309,957,https://i.ytimg.com/vi/jpH-8HiMCRI/default.jpg,False,False,False,"Deep fried ice cream, funfetti cake mix, or cookie dough – WHICH TASTES BETTER?! It’s time to find out. Welcome to the first episode of What the Flavor!SUBSCRIBE for MORE food & weirdness ►► http://bit.ly/SubClevverStyleWELCOME TO WHAT THE FLAVOR!! We’re combining the deliciousness of Cheat Day and weirdness of Beauty Break in a new cooking show where you’ll actually…learn things??This week’s food lesson is DEEP FRYING DESSERTS with fried food expert Lily Marston! We’re giving you tips & tricks on everything from the perfect batter recipe & frying techniques to how to make each treat Instagram ready.What’s YOUR favorite sweet or treat to deep fry? Comment & let us know!|| DEEP FRIED DESSERTS || - Deep Fried Chocolate Chip Cookie Dough- Deep Fried Funfetti Funnel Cake (and Sprinkle Dip!)- Deep Fried Cereal & Ice Cream Balls (ft. Cinnamon Toast Crunch, Captain Crunch, Fruity Pebbles)- Deep Fried EVERYTHING (Monster Creation!) || CHEF ERIN’S CAKE BATTER RECIPE || - 2 Cups of Bisquick- 1 Cup of Milk- 2 EggsJoin Erin & friends as we make cooking fun again with life-changing food hacks & trendy AF recipes made easy on WHAT THE FLAVOR. New episodes every Friday! BE OUR FRIEND!http://twitter.com/lily_marstonhttp://twitter.com/erinrobinson http://instagram.com/lily_marstonhttp://instagram.com/erinrobinson FOR MORE CLEVVERFind us online: http://www.clevver.comLike us on Facebook: http://facebook.com/ClevverFollow us on Twitter: http://twitter.com/ClevverTVKeep up with us on Instagram: http://instagr.am/ClevverFind us on Snapchat: ClevverTV",US
-xAMnJgc3oA,18.25.06,Janelle Monáe – I Like That [Official Audio],Janelle Monáe,10,Music,True,2018-04-16T04:38:11.000Z,"Janelle Monae|""Wonderland""|""Janelle""|""Electric lady""|""Dirty Computer""|""Janelle Monáe""|""monae""|""PYNK""|""Make Me Feel""|""Django Jane""|""Palace of the Dogs""|""Dirty""|""Computer""|""album""|""emotion picture""|""Wondaland""|""Jane""|""Jane Bond""|""black panther""|""black panther trailer""|""#dirtycomputer""|""bad boy""|""warner music group""|""Atlantic Records""|""Tessa Thompson""|""Tessa""|""Thompson""|""mTjQq5rMlEY""|""tGRzz0oqgUE""|""tEddixS-UoU""|""Oxls2xX0Clg""|""pwnefUaKCbc""|""lqmORiHNtN4""|""LPFgBCUBMYk""|""eaMBagakSdM""|""archandroid""|""I Like That""",382903,16787,245,1060,https://i.ytimg.com/vi/-xAMnJgc3oA/default.jpg,False,False,False,"“I Like That”, “Make Me Feel”, “Django Jane” & PYNK available now: https://janellemonae.lnk.to/dirtycomper\n\nWatch the official music videos - \n“Make Me Feel”: https://youtu.be/tGRzz0oqgUE \nPYNK: https://youtu.be/PaYvlVR_BEc \n“Django Jane”: https://youtu.be/mTjQq5rMlEY \n\n“Dirty Computer” - an emotion picture by Janelle Monáe arrives on 4.27.18 \n\n*EMOTION PICTURE (definition): a narrative film and accompanying musical album \n\nConnect with Janelle:\nhttp://jmonae.com \nhttp://instagram.com/janellemonae \nhttp://twitter.com/janellemonae\nhttp://facebook.com/janellemonae\n\nJanelle Monáe – I Like That [Official Audio]",US
8jp3SxojXpU,18.15.06,Portland-bound Amtrak train derails in Washington; at least 3 reported dead,The Oregonian,25,News & Politics,True,2017-12-18T23:24:26.000Z,"Amtrack|""derailment""|""seattle""|""auth-rfernand-auth""",354467,1433,583,0,https://i.ytimg.com/vi/8jp3SxojXpU/default.jpg,True,False,False,"The Amtrak train was hurtling 50 mph over the speed limit when it careened off an overpass south of Seattle, spilling cars onto the highway below and killing at least three people.",US
5Js4TMKutCo,18.16.06,Bret Interview with Devin Nunes,Bret Baier,25,News & Politics,True,2018-02-02T23:29:02.000Z,[none],130302,1232,957,1756,https://i.ytimg.com/vi/5Js4TMKutCo/default.jpg,False,False,False,,US
K0u_kAWLJOA,18.17.06,God of War – Story Trailer | PS4,PlayStation,20,Gaming,True,2018-01-23T16:00:02.000Z,"God of War|""Kratos""|""Atreus""|""E3 2017""|""E3""|""Gameplay""|""Cory Barlog""|""Norse""|""Mythology""|""Incredible""|""Creature""|""Father""|""Son""|""Combat""|""Discovery""|""action""|""adventure""|""best of E3""|""action adventure""|""must-see""|""Story""",2500865,94731,1362,10531,https://i.ytimg.com/vi/K0u_kAWLJOA/default.jpg,False,False,False,"https://www.playstation.com/en-us/games/god-of-war-ps4/\n\nFrom Santa Monica Studio and creative director Cory Barlog comes a new beginning for one of gaming’s most recognizable icons. Living as a man outside the shadow of the gods, Kratos must adapt to unfamiliar lands, unexpected threats, and a second chance at being a father. Together with his son Atreus, the pair will venture into the brutal Norse wilds and fight to fulfill a deeply personal quest.\n\nAvailable April 20, 2018\n\nVisit the official site: http://godofwar.com\nFollow on Twitter: http://twitter.com/sonysantamonica\nEngage on Facebook: http://facebook.com/godofwar \nOur Best Fan Art: http://instagram.com/santamonicastudio \n\n©2018 Sony Interactive Entertainment LLC. God of War is a trademark of Sony Interactive Entertainment LLC.",US
XAzqBDFs418,18.18.06,Battle with Charlie Puth | Rudy Mancuso,Rudy Mancuso,23,Comedy,True,2017-11-27T21:17:31.000Z,"battle with charlie puth|""rudy""|""mancuso""|""battle""|""with""|""charlie""|""puth""|""musical fiction""|""racist superman""|""love""|""rudy mancuso poo bear black white official music video""|""lelepons""|""hannahstocking""|""rudymancuso""|""inanna""|""anwar""|""sarkis""|""shots""|""shotsstudios""|""alesso""|""anitta""|""charlie puth""|""Charlie Puth - How Long""|""[Official""|""Video]""|""Best Cover Ever""|""Best. Cover. Ever.""",1752883,137210,1198,6341,https://i.ytimg.com/vi/XAzqBDFs418/default.jpg,False,False,False,WATCH MY PREVIOUS VIDEO ▶ https://youtu.be/3k6RD9zVvpE\n\nSUBSCRIBE ► https://www.youtube.com/channel/UC5jkXpfnBhlDjqh0ir5FsIQ?sub_confirmation=1\n\nTHANKS FOR WATCHING! LIKE & SUBSCRIBE FOR MORE VIDEOS!\n-----------------------------------------------------------\nFIND ME ON: \nInstagram | http://instagram.com/rudymancuso\nTwitter | http://twitter.com/rudymancuso\nFacebook | http://facebook.com/rudymancuso\n\nCAST: \nRudy Mancuso | http://youtube.com/c/rudymancuso\nCharlie Puth | https://instagram.com/charlieputh\n\nShots Studios Channels:\nAlesso | https://youtube.com/c/alesso\nAnitta | http://youtube.com/c/anitta\nAnwar Jibawi | http://youtube.com/c/anwar\nAwkward Puppets | http://youtube.com/c/awkwardpuppets\nHannah Stocking | http://youtube.com/c/hannahstocking\nInanna Sarkis | http://youtube.com/c/inanna\nLele Pons | http://youtube.com/c/lelepons\nMaejor | http://youtube.com/c/maejor\nMike Tyson | http://youtube.com/c/miketyson \nRudy Mancuso | http://youtube.com/c/rudymancuso\nShots Studios | http://youtube.com/c/shots\n\n#Rudy\n#RudyMancuso\n#BCE\n#CharliePuth,US
HbKnEQdCjGg,18.19.06,Lewis Capaldi - Rush (Official Audio) ft. Jessie Reyez,LewisCapaldiVEVO,10,Music,True,2018-02-23T00:00:00.000Z,"Lewis|""Capaldi""|""Rush""|""Vertigo""|""Berlin""|""Alternative""|""Jessie Reyez""|""Figures""|""Bruises""|""Lost On You""|""Mercy""|""Fade""|""Audio""|""Singer-Songwriter""|""Pop""|""Lewis Capaldi""|""LewisCapaldiVEVO""|""The Vibe Guide""|""IndieAir""|""Selected""|""Delta Jack Remix""|""Tep No""|""Songwriter""|""music video""|""aberdeen""|""official video""|""Universal""|""Official Audio""|""Bloom""",330327,13206,153,439,https://i.ytimg.com/vi/HbKnEQdCjGg/default.jpg,False,False,False,"Lewis Capaldi Rush feat. Jessie Reyez out now! \nDownload & stream here: https://lewiscapaldi.lnk.to/Rush_ft_JessieReyez\n\n---------------------------------\n\nFollow Lewis Capaldi:\n\nhttp://www.facebook.com/lewiscapaldi\nhttp://www.twitter.com/lewiscapald\nhttp://www.instagram.com/lewiscapaldi\nhttp://www.lewiscapaldi.com \n\n---------------------------------\n\nLyrics: \n\nThe space between where our ends meet\nHas grown too much for me to block it out\nI miss the tone of your heartbeat\nIt’s such a warming and familiar sound\n\nI hope you’re finding the power \nTo help you make it through the darker days\nFor now I’ll wait by the hour \nIf you wanna take somebody’s breath away\n\nI hope you’re lonely, hope you’re lost ‘cause I’ve been\nAnd I’d hate to think you’re better off without me\nI know we tried to hold on\nBut where do you go\nWhen love it just ain’t enough\n\nNow does it kill you when you think about me\nAre you as close to giving up as I’ve been\nI know we kept losing touch got lost in the rush\nI pray you don’t hurt too much\n\nI don’t come close to an angel\nAnd you ain’t never been no kind of saint\nbut when we both came together\nHell to heaven you were my escape\nBut fires don’t burn forever\nAnd all these ashes crumble when we touch\nWe danced to death in the fire\nWhat can we do now the music’s done, my love\n\nI hope you’re lonely, hope you’re lost ‘cause I’ve been\nAnd I’d hate to think you’re better off without me\nI know we tried to hold on\nBut where do you go\nWhen love it just ain’t enough\n\nNow does it kill you when you think about me\nAre you as close to giving up as I’ve been\nI know we kept losing touch got lost in the rush\nI pray you don’t hurt too much\n\nWell we had it all, and we let it fall\nBut I hope you find whatever you were looking for\nWell we had it all, and we let it fall\nLost in the rush but I pray you don’t hurt too much\n\nMusic video by Lewis Capaldi performing Rush. (C) 2018 Universal Music GmbH\n\nhttp://vevo.ly/BgMAoj",US
6j-s9E3dRQ0,18.20.06,F The Prom (2017) | Official Trailer HD,The Orchard Movies,24,Entertainment,True,2017-11-14T23:15:24.000Z,[none],874883,18686,711,844,https://i.ytimg.com/vi/6j-s9E3dRQ0/default.jpg,False,False,False,"Former best friends Maddy and Cole exist on opposite ends of the high school social spectrum. When Maddy’s reign as most popular girl abruptly ends, the duo reconnects as they conspire to ruin the ultimate popularity contest: senior prom.\n\nDIRECTED BY Benny Fine\nSTARRING Danielle Campbell, Joel Courtney, Madelaine Petsch, Ian Zearing, Cheri Oteri, Nicholle Tom, Richard Karn, Cameron Palatas, Luke Bilyk\n\nTWITTER: https://twitter.com/fuckthepromfilm\n\nON DIGITAL AND ON DEMAND: December 5, 2017\n\n---\n\nTHE ORCHARD FILMS\n\nWEBSITE: http://www.theorchard.com/filmtv\nFACEBOOK: https://www.facebook.com/OrchFilms\nTWITTER: https://twitter.com/OrchFilms\nINSTAGRAM: https://www.instagram.com/orchfilms",US
t_bnyOOFDNM,18.21.06,COLLEGE KIDS REACT TO ROSEANNE CANCELED?! (Twitter Controversy),FBE,24,Entertainment,True,2018-06-01T21:00:02.000Z,"roseanne twitter controversy|""roseanne cancelled""|""cancel roseanne""|""COLLEGE KIDS REACT TO ROSEANNE CANCELED?! (Twitter Controversy)""|""college kids react""|""react""|""reaction""|""thefinebros""|""fine brothers""|""fine brothers entertainment""|""finebros""|""fine bros""|""FBE""|""watch""|""review""|""for the first time""|""reviews""|""responds""|""respond""|""youtubers react""|""elders react""|""teens react""|""kids react""|""adults react""|""parents react""|""teenagers react""|""roseanne racism""|""valerie jarrett""",842195,17314,2368,13887,https://i.ytimg.com/vi/t_bnyOOFDNM/default.jpg,False,False,False,"The Roseanne Twitter controversy discussed by College Kids. Original links below.Watch all main React episodes (Kids/Teens/Elders/Adults/YouTubers): http://goo.gl/4iDVaSUBSCRIBE THEN HIT THE 🔔! New Videos 2pm PT on FBE! http://goo.gl/aFu8CWatch latest videos from FBE: https://goo.gl/aU5PSmCollege Kids React to the Roseanne Twitter Controversy. Watch to see their Reactions.Content featured in this episode:Valerie Jarrett In Response To Roseanne’s Tweet ‘This Should Be ATeaching Moment’ | MSNBChttps://goo.gl/UzBTg3FBE’s goal is to credit the original links to the content featured in its shows. If you see incorrect or missing attribution please reach out to credits@fbeteam.comThis episode features the following College Kids:Erichttps://www.youtube.com/4N1Ethanhttps://www.instagram.com/imthat_blackguy/Labibhttps://www.youtube.com/user/Labib96Madisonhttp://instagram.com/maddieperry123Morganhttps://www.youtube.com/c/MorganTebbeRahulSheilahttps://www.instagram.com/sheilacuriel/Torihttps://www.instagram.com/justxtori/VictoriaMERCH 👕 https://www.shopfbe.comFollow Fine Brothers Entertainment:FBE WEBSITE: http://www.finebrosent.comFBE CHANNEL: http://www.youtube.com/FBEREACT CHANNEL: http://www.youtube.com/REACTBONUS CHANNEL: https://www.youtube.com/FBE2FACEBOOK: http://www.facebook.com/FBEFACEBOOK: http://www.facebook.com/FBEShowsTWITTER: http://www.twitter.com/fbeINSTAGRAM: http://www.instagram.com/fbeSNAPCHAT: https://www.snapchat.com/add/finebrosSOUNDCLOUD: https://soundcloud.com/fbepodcastiTUNES (Podcast): https://goo.gl/DSdGFTGOOGLE PLAY (Podcast): https://goo.gl/UhL6bkMUSICAL.LY: @fbeTWITCH: https://www.twitch.tv/fbeliveAMAZON: https://www.amazon.com/v/FBESEND US STUFF:FBEP.O. BOX 4324Valley Village, CA 91617-4324Creators & Executive Producers - Benny Fine & Rafi FineHead of Production - Nick BergtholdDirector of Production - Drew RoderDirector of Post Production - Adam SpeasSupervising Producer - Kyle SegalProducer - Ethan WeiserAssociate Producer - Vartuhi Oganesyan, JC ChavezAssistant Production Coordinator - Kristy KieferPost Supervisor - David ValbuenaEditor - Cara BomarAssistant Editor - Nicole Worthington, Lizzy SiskindProduction Assistant - Lauren Hutchinson, Oscar Ramos, Kyllis Jahn, Jayden RomeroStudio Technician - Josh HiltonSet design - Melissa JudsonMusic - Cyrus Ghahremani© Fine Brothers Entertainment.College Kids React #68 - COLLEGE KIDS REACT TO ROSEANNE CANCELED?! (Twitter Controversy)",US
VYOjWnS4cMY,18.22.06,Childish Gambino - This Is America (Official Video),ChildishGambinoVEVO,10,Music,True,2018-05-06T04:00:07.000Z,"Childish Gambino|""Rap""|""This Is America""|""mcDJ Recording/RCA Records""",167997997,4281819,276626,453206,https://i.ytimg.com/vi/VYOjWnS4cMY/default.jpg,False,False,False,“This is America” by Childish Gambino http://smarturl.it/TcIgADirector: Hiro MuraiProducer: Jason Cole of Doomsday with Ibra Ake and Fam Rothstein of Wolf + Rothsteintour tickets and merchandise available at childishgambino.com,US
8ll04Zzw5UM,18.23.06,Lady Gaga - Joanne (Where Do You Think You’re Goin’?) (Piano Version),LadyGagaVEVO,10,Music,True,2018-01-26T05:00:01.000Z,"Lady|""Gaga""|""Joanne""|""(Where""|""Do""|""You""|""Think""|""You’re""|""Goin’?)""|""Interscope""|""Pop""|""Lady Gaga""",3363100,202829,4545,21486,https://i.ytimg.com/vi/8ll04Zzw5UM/default.jpg,False,False,False,LADY GAGA / JOANNE (WHERE DO YOU THINK YOU’RE GOIN’?) / PIANO VERSION\nhttp://gaga.lk/xoxoJoanne\n \nLADY GAGA / JOANNE \nhttp://gaga.lk/Joanne\n \nFOLLOW LADY GAGA:\nFacebook: http://gaga.lk/facebook\nTwitter: http://gaga.lk/Twitter\nInstagram: http://gaga.lk/Instagram\nSnapchat: http://gaga.lk/Snapchat\nSpotify: http://gaga.lk/Spotify\n \nEMAIL LIST: http://gaga.lk/News\n\nMusic video by Lady Gaga performing Joanne (Where Do You Think You’re Goin’?). (C) 2018 Interscope Records\n\nhttp://vevo.ly/Joqkxj,US
vL2-H_0V7nw,18.24.06,"You're Not Edgy, You're Just Lazy",CollegeHumor,23,Comedy,True,2018-05-31T17:30:01.000Z,"Collegehumor|""CH originals""|""comedy""|""sketch comedy""|""internet""|""humor""|""funny""|""sketch""|""faulty logic""|""philosophy""|""douchebags""|""horrible people""|""bad dates""|""lazy""|""red flags""|""dating""|""that guy""|""fuck this""|""communism""|""socialism""|""politics""|""rekha shankar""|""anna rajo""|""CH Shorts""|""anarchy""|""anarchist""|""fringe""|""faux intellectual""|""rekha anarchist sketch""|""rekha lazy anarchist""|""lazy anarchist""|""rekha politics""|""political philosophy""",1005860,33110,3680,3610,https://i.ytimg.com/vi/vL2-H_0V7nw/default.jpg,False,False,False,"I don't pay taxes because I'm a REVOLUTIONARY and will TEAR THIS SYSTEM DOWN! Not because I'm, like, some lazy guy or somethin'.FOLLOW THE CAST:ALLY: http://www.twitter.com/lilbeardsleyGRANT: http://www.twitter.com/grantobKATIE: http://www.twitter.com/katiemarovitchTRAPP: http://www.twitter.com/mikewtrappRAPH: http://www.twitter.com/chestangraphaelREKHA: http://www.twitter.com/rekhalshankarBRENNAN: https://twitter.com/brennanlmSAM: http://www.twitter.com/samreichSee more http://www.collegehumor.comLIKE us on: http://www.facebook.com/collegehumorFOLLOW us on: http://www.twitter.com/collegehumorFOLLOW us on: http://www.collegehumor.tumblr.comSIGN UP for our emails: http://bit.ly/2E6svorCASTRekha ShankarAnna RajoJessie HixenbaughAdam HenryJordan RockowerErika WilhelmChristina HourihanCREWDirector - Michael SchaubachWriter - Rekha ShankarProducer - Jessie HixenbaughProduction Coordinator - Olivia AguilarEditor - Sam Geer",US
akNs04ef_Co,18.25.06,I Read A Letter From My Younger Self,AmazingPhil,26,Howto & Style,True,2018-01-25T20:46:40.000Z,"amazingphil|""phil lester""|""phil""|""letter""|""from""|""my""|""past""|""old""|""react""|""reacting""|""funny""|""nostalgic""|""reading an email from my past""|""email""|""amazing""|""vlog""|""2018""|""old videos""|""stories""|""university""|""life""|""frazzles""|""weird""|""childhood""|""london""|""new york""|""friends""|""confidence""|""how to be confident""|""teenage""|""young phil""|""teenage phil""|""newest""|""best""",629985,102668,351,8350,https://i.ytimg.com/vi/akNs04ef_Co/default.jpg,False,False,False,I read an email I wrote to myself 10 years ago in 2008!\nCOME AND SEE ME ON TOUR! http://www.danandphiltour.com\n\n20% off Merch! Use code HAPPY2018 http://www.danandphilshop.com\n\nSubscribe to me! http://www.youtube.com/subscription_center?add_user=amazingphil\n\nDanAndPhilGAMES: http://www.youtube.com/danandphilgames\n\nCATCH 'EM ALL:\nTwitter: http://twitter.com/AmazingPhil\nTumblr: http://AmazingPhil.tumblr.com\nFacebook: http://facebook.com/AmazingPhil\nInstagram: http://instagram.com/AmazingPhil\n\nMusic: kevin macleod: incompetech.com,US
puqaWrEC7tY,18.15.06,Nickelback Lyrics: Real or Fake?,Good Mythical Morning,24,Entertainment,True,2017-11-13T11:00:04.000Z,"rhett and link|""gmm""|""good mythical morning""|""rhett and link good mythical morning""|""good mythical morning rhett and link""|""mythical morning""|""Season 12""|""nickelback lyrics""|""nickelback lyrics real or fake""|""nickelback""|""nickelback songs""|""nickelback song""|""rhett link nickelback""|""gmm nickelback""|""lyrics (website category)""|""nickelback (musical group)""|""rock""|""music""|""lyrics""|""chad kroeger""|""music (industry)""|""mythical""|""gmm challenge""|""comedy""|""funny""|""the betrayal""|""the betrayal act III""|""how you remind me""",827546,15887,1299,3460,https://i.ytimg.com/vi/puqaWrEC7tY/default.jpg,False,False,False,Today we find out if Link is a Nickelback amateur or a secret Nickelback devotee. GMM #1218\nDon't miss an all new Ear Biscuits: https://goo.gl/xeZNQt\nWatch Part 4: https://youtu.be/MhCdiiB8CQg | Watch Part 2: https://youtu.be/7qiOrNao9fg\nWatch today's episode from the start: http://bit.ly/GMM1218\n\nPick up all of the official GMM merch only at https://mythical.store\n\nFollow Rhett & Link: \nInstagram: https://instagram.com/rhettandlink\nFacebook: https://facebook.com/rhettandlink\nTwitter: https://twitter.com/rhettandlink\nTumblr: https://rhettandlink.tumblr.com\nSnapchat: @realrhettlink\nWebsite: https://mythical.co/\n\nCheck Out Our Other Mythical Channels:\nGood Mythical MORE: https://youtube.com/goodmythicalmore\nRhett & Link: https://youtube.com/rhettandlink\nThis Is Mythical: https://youtube.com/thisismythical\nEar Biscuits: https://applepodcasts.com/earbiscuits\n\nWant to send us something? https://mythical.co/contact\nHave you made a Wheel of Mythicality intro video? Submit it here: https://bit.ly/GMMWheelIntro\n\nIntro Animation by Digital Twigs: https://www.digitaltwigs.com\nIntro & Outro Music by Jeff Zeigler & Sarah Schimeneck https://www.jeffzeigler.com\nWheel of Mythicality theme: https://www.royaltyfreemusiclibrary.com/\nAll Supplemental Music fromOpus 1 Music: https://opus1.sourceaudio.com/\nWe use ‘The Mouse’ by Blue Microphones https://www.bluemic.com/mouse/,US
-C5q3oir8gA,18.16.06,Will It Christmas Tree?,Good Mythical Morning,24,Entertainment,True,2017-12-04T11:00:00.000Z,"rhett and link|""gmm""|""good mythical morning""|""rhett and link good mythical morning""|""good mythical morning rhett and link""|""mythical morning""|""gmm food""|""Season 12""|""will it""|""rhett link will it""|""gmm will it""|""will it christmas tree""|""good mythical morning will it""|""rhett link will it christmas tree""|""gmm will it christmas tree""|""sithmas""|""star wars""|""menorah""|""chinese takeout""|""christmas""|""tree""|""rhett link christmas""|""gmm christmas""|""christmas tree""|""holidays""|""xmas""|""gmm challenges""|""will it taco""",686367,16228,754,1551,https://i.ytimg.com/vi/-C5q3oir8gA/default.jpg,False,False,False,Today we're asking the age old question...will it Christmas Tree? GMM #1233.1\nWatch Part 2: https://youtu.be/1ZbjUBrKzhQ | Watch Friday's GMM: http://bit.ly/GMM1232\nWatch today's episode from the start: http://bit.ly/GMM1233\n\nPick up all of the official GMM merch only at https://mythical.store\n\nFollow Rhett & Link: \nInstagram: https://instagram.com/rhettandlink\nFacebook: https://facebook.com/rhettandlink\nTwitter: https://twitter.com/rhettandlink\nTumblr: https://rhettandlink.tumblr.com\nSnapchat: @realrhettlink\nWebsite: https://mythical.co/\n\nCheck Out Our Other Mythical Channels:\nGood Mythical MORE: https://youtube.com/goodmythicalmore\nRhett & Link: https://youtube.com/rhettandlink\nThis Is Mythical: https://youtube.com/thisismythical\nEar Biscuits: https://applepodcasts.com/earbiscuits\n\nWant to send us something? https://mythical.co/contact\nHave you made a Wheel of Mythicality intro video? Submit it here: https://bit.ly/GMMWheelIntro\n\nIntro Animation by Digital Twigs: https://www.digitaltwigs.com\nIntro & Outro Music by Jeff Zeigler & Sarah Schimeneck https://www.jeffzeigler.com\nWheel of Mythicality theme: https://www.royaltyfreemusiclibrary.com/\nAll Supplemental Music fromOpus 1 Music: https://opus1.sourceaudio.com/\nWe use ‘The Mouse’ by Blue Microphones https://www.bluemic.com/mouse/,US
